encounter_id,patient_id,admission_date,discharge_date,admission_type,discharge_disposition,attending_provider_id
1085,484,2026-09-06,2026-09-12,Urgent,Skilled Nursing Facility,PROV037
611,263,2025-08-08,2025-08-21,Elective,Expired,PROV025
256,112,2025-10-04,2025-10-15,Emergency,Skilled Nursing Facility,PROV005
272,117,2025-08-16,2025-08-18,Elective,Rehab,PROV039
977,437,2025-08-15,2025-08-17,Urgent,Rehab,PROV004
557,238,2025-08-31,2025-09-03,Elective,Transferred,PROV006
763,334,2026-08-22,2026-09-04,Urgent,Expired,PROV003
435,188,2026-07-15,2026-07-24,Newborn,Rehab,PROV009
288,123,2025-10-29,2025-11-08,Urgent,Home,PROV039
421,183,2026-04-25,2026-05-05,Emergency,Expired,PROV026
119,53,2026-02-01,2026-02-15,Emergency,Skilled Nursing Facility,PROV020
564,239,2024-11-19,2024-11-24,Elective,Skilled Nursing Facility,PROV026
585,249,2024-10-22,2024-10-22,Elective,Rehab,PROV034
67,26,2025-07-13,2025-07-22,Emergency,Rehab,PROV019
952,427,2025-12-25,2026-01-08,Elective,Expired,PROV036
1034,462,2025-02-23,2025-03-07,Newborn,Transferred,PROV033
671,295,2025-02-07,2025-02-19,Emergency,Transferred,PROV009
490,207,2025-06-20,2025-07-01,Elective,Expired,PROV013
195,86,2026-03-05,2026-03-12,Elective,Transferred,PROV039
1041,465,12/10/2024,,Urgent,,PROV023
74,33,2026-08-10,2026-08-20,Urgent,Transferred,PROV040
471,200,2025-05-13,2025-05-15,Emergency,Skilled Nursing Facility,PROV021
182,80,2024-11-10,2024-11-21,Urgent,Rehab,PROV010
572,242,2025-07-05,2025-07-18,Newborn,Rehab,PROV011
204,89,2025-05-07,2025-05-17,Urgent,Rehab,PROV010
483,204,2024-11-17,2024-11-20,Emergency,Transferred,PROV023
955,427,2024-10-13,2024-10-18,Elective,Expired,PROV001
637,282,2025-02-24,2025-03-06,Emergency,Rehab,PROV007
10,5,2024-12-10,2024-12-12,Elective,Rehab,PROV004
495,209,2025-07-06,2025-07-17,Emergency,Rehab,PROV020
224,102,2025-10-21,2025-11-02,Elective,Skilled Nursing Facility,PROV039
71,27,2026-06-28,,Newborn,,PROV040
823,368,2024-10-31,2024-11-01,Emergency,Expired,PROV017
78,34,2025-02-18,2025-03-04,Elective,Transferred,PROV010
65,26,2024-12-27,2025-01-04,Newborn,Rehab,PROV036
351,148,2025-06-12,2025-06-19,Emergency,Expired,PROV003
183,81,07/17/2025,2025-07-18,Newborn,Home,PROV024
301,128,2024-09-27,2024-10-07,Urgent,Transferred,PROV007
83,37,2025-03-18,,Newborn,,PROV011
106,46,2026-02-07,2026-02-08,Elective,Skilled Nursing Facility,PROV014
754,329,2025-05-30,2025-06-12,Elective,Home,PROV034
853,391,2026-04-22,2026-04-24,Emergency,Skilled Nursing Facility,PROV035
278,120,2026-03-11,2026-03-14,Emergency,Rehab,PROV032
310,135,07/21/2026,2026-07-22,Elective,Transferred,PROV021
168,78,2025-10-22,2025-10-25,Elective,Home,PROV036
1105,492,04/27/2026,2026-05-06,Elective,Transferred,PROV005
408,175,2025-11-27,2025-11-28,Elective,Rehab,PROV003
245,110,2026-06-29,2026-06-30,Elective,Expired,PROV019
367,155,2026-09-09,2026-09-21,Urgent,Home,PROV018
593,252,2025-06-23,2025-07-07,Newborn,Rehab,PROV024
477,201,11/17/2024,2024-11-21,Emergency,Skilled Nursing Facility,PROV029
908,408,2026-05-09,2026-05-09,Elective,Expired,PROV008
1079,482,2026-04-14,2026-04-19,Elective,Expired,PROV009
223,102,2026-01-31,2026-02-14,Newborn,Transferred,PROV019
81,37,2024-10-27,2024-10-31,Newborn,Expired,PROV035
560,238,2025-08-20,2025-09-03,Elective,Home,PROV001
337,141,2025-06-24,2025-07-05,Newborn,Skilled Nursing Facility,PROV035
137,64,2025-03-04,2025-03-13,Newborn,Home,PROV021
797,350,2025-12-13,2025-12-21,Emergency,Home,PROV016
1060,476,10/19/2025,2025-10-25,Elective,Rehab,PROV009
247,110,2025-05-18,2025-05-27,Newborn,Rehab,PROV029
21,10,2025-03-10,2025-03-24,Urgent,Skilled Nursing Facility,PROV004
736,321,2026-04-26,2026-04-30,Newborn,Rehab,PROV040
1020,458,2026-06-20,2026-06-27,Urgent,Transferred,PROV028
959,428,2025-01-05,2025-01-10,Emergency,Home,PROV031
214,92,2026-05-06,2026-05-15,Urgent,Transferred,PROV027
111,49,2025-11-10,2025-11-16,Emergency,Skilled Nursing Facility,PROV010
250,111,2025-03-28,2025-04-10,Emergency,Skilled Nursing Facility,PROV005
876,399,06/09/2025,2025-06-22,Newborn,Expired,PROV026
110,49,02/01/2025,2025-02-06,Newborn,Home,PROV005
792,349,11/17/2024,2024-11-28,Emergency,Rehab,PROV011
1005,451,2024-12-19,2024-12-28,Urgent,Rehab,PROV018
374,158,2024-12-07,2024-12-11,Elective,Expired,PROV034
556,237,2026-04-20,2026-05-02,Elective,Rehab,PROV004
135,63,2025-04-17,2025-04-30,Newborn,Skilled Nursing Facility,PROV029
600,254,2026-04-27,2026-04-27,Emergency,Transferred,PROV030
717,315,04/04/2026,2026-04-17,Urgent,Skilled Nursing Facility,PROV021
192,86,03/04/2026,2026-03-06,Emergency,Rehab,PROV029
730,319,2025-02-18,2025-02-26,Urgent,Rehab,PROV031
388,165,2025-09-30,2025-10-10,Emergency,Expired,PROV026
376,158,2026-02-10,2026-02-17,Urgent,Transferred,PROV020
187,82,2025-11-06,2025-11-11,Urgent,Expired,PROV015
618,266,09/14/2026,2026-09-28,Urgent,Transferred,PROV037
563,239,2024-12-17,2024-12-24,Urgent,Transferred,PROV009
98,44,2025-07-06,2025-07-11,Emergency,Rehab,PROV029
260,114,2025-11-09,2025-11-18,Elective,Expired,PROV006
1086,484,2025-11-14,,Newborn,,PROV032
79,36,03/23/2026,2026-03-31,Newborn,Transferred,PROV038
820,368,2026-03-16,2026-03-18,Elective,Rehab,PROV037
654,289,2026-07-25,2026-08-02,Newborn,Rehab,PROV038
82,37,2026-02-17,2026-03-01,Elective,Rehab,PROV028
399,172,2026-09-11,2026-09-16,Urgent,Transferred,PROV034
439,191,2024-11-13,2024-11-15,Newborn,Rehab,PROV035
1100,490,2024-11-28,2024-12-11,Newborn,Home,PROV013
568,240,2025-01-15,2025-01-15,Newborn,Home,PROV036
380,161,2024-12-03,2024-12-12,Urgent,Skilled Nursing Facility,PROV026
437,188,2024-11-14,2024-11-17,Newborn,Rehab,PROV004
655,289,11/14/2024,2024-11-24,Urgent,Transferred,PROV015
1006,451,2025-12-04,2025-12-14,Urgent,Skilled Nursing Facility,PROV001
759,332,2025-03-06,2025-03-06,Emergency,Skilled Nursing Facility,PROV007
1092,486,2026-04-12,2026-04-16,Emergency,Rehab,PROV016
864,393,2026-05-19,2026-05-28,Newborn,Home,PROV021
915,413,04/30/2026,2026-05-01,Urgent,Transferred,PROV002
1080,482,2025-11-01,2025-11-14,Urgent,Transferred,PROV031
635,281,2025-09-22,2025-09-25,Elective,Skilled Nursing Facility,PROV012
856,391,2025-09-06,2025-09-06,Emergency,Home,PROV025
516,216,2026-08-05,2026-08-12,Emergency,Skilled Nursing Facility,PROV007
749,327,2025-08-21,2025-08-28,Emergency,Home,PROV023
478,201,2024-09-29,2024-10-11,Urgent,Home,PROV003
22,10,2025-03-21,2025-03-24,Emergency,Transferred,PROV005
559,238,2026-03-24,,Urgent,,PROV001
863,392,2026-05-09,2026-05-09,Newborn,Transferred,PROV011
1004,451,02/23/2026,2026-03-03,Elective,Skilled Nursing Facility,PROV007
241,109,2024-12-17,2024-12-25,Newborn,Rehab,PROV003
903,408,2025-12-19,2025-12-23,Newborn,Transferred,PROV016
210,92,2026-08-03,2026-08-11,Emergency,Transferred,PROV037
1053,474,2024-10-23,2024-11-01,Elective,Home,PROV034
1045,472,2026-07-14,2026-07-14,Newborn,Rehab,PROV037
369,156,2025-09-01,2025-09-11,Urgent,Skilled Nursing Facility,PROV005
945,426,2026-09-06,2026-09-14,Newborn,Expired,PROV038
546,230,2026-06-28,2026-07-11,Urgent,Skilled Nursing Facility,PROV010
319,138,2025-11-14,2025-11-27,Elective,Expired,PROV032
748,327,2025-03-04,2025-03-15,Emergency,Skilled Nursing Facility,PROV011
284,122,02/08/2026,2026-02-16,Urgent,Transferred,PROV034
275,117,2025-11-14,2025-11-15,Emergency,Home,PROV019
659,290,2026-02-02,2026-02-14,Newborn,Transferred,PROV014
1083,484,2026-01-13,2026-01-27,Elective,Home,PROV030
934,421,2024-10-14,2024-10-16,Newborn,Skilled Nursing Facility,PROV038
636,281,2025-03-13,2025-03-16,Emergency,Skilled Nursing Facility,PROV037
138,65,2026-09-01,2026-09-07,Elective,Transferred,PROV003
1035,462,2024-11-20,2024-11-24,Emergency,Home,PROV028
270,117,2026-07-31,2026-08-07,Urgent,Transferred,PROV016
658,290,2025-06-21,2025-06-24,Emergency,Skilled Nursing Facility,PROV027
510,215,2025-11-26,2025-12-06,Emergency,Transferred,PROV037
299,128,2025-12-23,2025-12-26,Urgent,Skilled Nursing Facility,PROV007
849,386,2025-11-21,2025-11-24,Urgent,Rehab,PROV010
484,204,2025-11-13,2025-11-20,Urgent,Transferred,PROV018
550,231,2025-06-08,2025-06-18,Urgent,Expired,PROV020
769,336,2025-04-30,2025-05-08,Urgent,Transferred,PROV028
1107,493,2025-12-08,2025-12-13,Urgent,Skilled Nursing Facility,PROV002
73,31,2026-01-15,2026-01-17,Newborn,Home,PROV036
255,111,2026-04-13,2026-04-21,Urgent,Rehab,PROV029
200,87,2026-05-11,2026-05-20,Newborn,Rehab,PROV008
656,289,2026-05-15,2026-05-23,Urgent,Transferred,PROV031
235,108,2026-09-05,2026-09-06,Emergency,Transferred,PROV031
1050,474,06/02/2026,2026-06-11,Newborn,Transferred,PROV014
531,222,2025-02-27,2025-03-11,Newborn,Expired,PROV006
701,312,09/22/2026,2026-09-29,Urgent,Transferred,PROV012
215,94,2025-02-07,2025-02-08,Newborn,Rehab,PROV017
1095,489,2025-05-30,2025-06-01,Newborn,Skilled Nursing Facility,PROV006
548,231,2024-10-26,2024-10-30,Newborn,Home,PROV038
335,141,2026-02-15,2026-02-18,Elective,Transferred,PROV036
8,4,2025-01-08,2025-01-21,Urgent,Skilled Nursing Facility,PROV024
226,104,2025-02-23,2025-02-27,Newborn,Home,PROV015
402,174,2025-09-10,2025-09-15,Elective,Rehab,PROV010
213,92,2025-10-15,2025-10-15,Newborn,Expired,PROV034
93,41,2025-09-09,2025-09-10,Elective,Home,PROV020
976,436,2026-06-30,2026-07-10,Newborn,Transferred,PROV020
342,143,2026-04-11,2026-04-14,Elective,Transferred,PROV014
103,46,2026-03-21,,Newborn,,PROV016
258,113,2024-11-14,2024-11-28,Elective,Rehab,PROV033
1032,460,2025-07-27,2025-07-30,Emergency,Home,PROV005
179,80,2026-03-04,2026-03-12,Newborn,Home,PROV008
378,161,2026-07-03,2026-07-09,Urgent,Transferred,PROV022
522,218,2026-04-21,2026-04-26,Emergency,Home,PROV025
858,392,2026-04-28,2026-05-02,Emergency,Transferred,PROV037
316,137,2026-02-23,2026-03-07,Elective,Skilled Nursing Facility,PROV039
189,84,2025-11-25,2025-11-25,Newborn,Home,PROV010
59,24,2025-04-15,2025-04-25,Urgent,Home,PROV008
58,24,2026-01-03,2026-01-13,Emergency,Rehab,PROV023
629,273,2026-03-20,2026-03-28,Urgent,Transferred,PROV025
523,218,2025-11-25,2025-12-03,Urgent,Expired,PROV030
456,195,2025-12-05,2025-12-09,Emergency,Expired,PROV004
574,243,2025-11-25,2025-12-09,Newborn,Skilled Nursing Facility,PROV006
444,192,2024-12-24,2024-12-25,Elective,Expired,PROV021
407,175,2026-05-23,2026-05-29,Newborn,Transferred,PROV011
93,41,2025-09-09,2025-09-10,Elective,Home,PROV020
489,207,2026-09-16,2026-09-25,Urgent,Expired,PROV002
783,346,2025-02-23,2025-03-03,Elective,Expired,PROV040
474,201,09/13/2026,2026-09-24,Emergency,Skilled Nursing Facility,PROV008
77,34,2025-12-14,2025-12-21,Urgent,Rehab,PROV021
583,248,2026-06-02,,Elective,,PROV031
537,225,2025-10-06,2025-10-11,Newborn,Expired,PROV036
145,66,10/14/2025,2025-10-25,Urgent,Home,PROV019
149,68,02/03/2026,2026-02-13,Urgent,Expired,PROV020
666,293,2026-09-21,2026-09-24,Newborn,Skilled Nursing Facility,PROV039
745,325,2024-09-22,2024-09-30,Urgent,Skilled Nursing Facility,PROV024
956,427,11/26/2024,2024-12-02,Newborn,Expired,PROV003
877,399,2025-05-28,2025-06-07,Newborn,Transferred,PROV035
191,86,2024-09-30,2024-10-11,Emergency,Home,PROV010
178,80,2026-05-30,2026-06-08,Urgent,Transferred,PROV039
1118,498,03/05/2025,2025-03-15,Newborn,Transferred,PROV006
1062,476,2025-06-14,,Emergency,,PROV021
295,126,2024-10-08,2024-10-12,Urgent,Rehab,PROV014
662,291,2026-03-03,2026-03-11,Emergency,Rehab,PROV006
377,160,2025-11-15,2025-11-26,Elective,Transferred,PROV007
281,121,2025-05-22,2025-05-22,Urgent,Home,PROV025
643,285,2026-06-21,2026-06-28,Emergency,Skilled Nursing Facility,PROV039
339,142,2025-08-07,2025-08-15,Urgent,Skilled Nursing Facility,PROV022
51,21,12/10/2024,,Elective,,PROV035
937,422,2026-02-23,2026-03-06,Elective,Skilled Nursing Facility,PROV010
984,441,2025-11-14,2025-11-21,Elective,Expired,PROV029
263,114,2024-12-30,2025-01-06,Elective,Expired,PROV038
401,173,2026-05-24,2026-06-06,Urgent,Expired,PROV038
508,214,2026-02-22,2026-03-03,Newborn,Skilled Nursing Facility,PROV039
1046,472,2026-03-07,2026-03-08,Elective,Rehab,PROV032
687,305,2026-08-21,2026-09-01,Urgent,Rehab,PROV018
833,369,2026-02-22,2026-02-24,Urgent,Expired,PROV027
612,264,2024-10-11,2024-10-22,Newborn,Transferred,PROV021
261,114,2026-05-09,2026-05-10,Newborn,Expired,PROV027
447,193,2025-04-01,2025-04-10,Elective,Home,PROV001
787,348,2025-03-31,2025-04-07,Elective,Rehab,PROV010
330,140,2026-06-11,2026-06-20,Emergency,Skilled Nursing Facility,PROV014
747,326,2025-05-02,2025-05-14,Elective,Home,PROV003
75,33,2026-07-23,2026-08-05,Newborn,Skilled Nursing Facility,PROV031
661,291,2025-07-29,2025-07-29,Elective,Rehab,PROV012
615,265,2026-09-10,2026-09-17,Elective,Skilled Nursing Facility,PROV033
296,127,2025-12-22,2025-12-27,Urgent,Rehab,PROV008
693,308,2025-08-26,2025-09-01,Emergency,Rehab,PROV016
678,298,2025-06-17,2025-06-28,Emergency,Skilled Nursing Facility,PROV029
525,218,2025-04-21,2025-04-23,Emergency,Home,PROV037
805,356,2025-01-14,,Newborn,,PROV027
139,65,2025-12-06,2025-12-08,Emergency,Transferred,PROV007
231,107,2025-11-14,2025-11-15,Emergency,Home,PROV016
538,226,2025-04-05,2025-04-18,Emergency,Rehab,PROV002
981,439,2025-09-22,2025-09-30,Urgent,Skilled Nursing Facility,PROV024
853,391,2026-04-22,2026-04-24,Emergency,Skilled Nursing Facility,PROV035
722,317,2026-02-21,2026-02-21,Emergency,Home,PROV017
132,61,2026-06-09,2026-06-16,Urgent,Transferred,PROV031
112,49,2026-04-11,2026-04-23,Elective,Home,PROV036
901,407,2026-08-25,2026-09-08,Urgent,Expired,PROV003
740,323,2025-12-08,2025-12-19,Elective,Home,PROV018
249,111,2024-11-05,2024-11-10,Elective,Home,PROV010
446,192,2025-12-08,2025-12-19,Elective,Home,PROV028
936,421,06/10/2025,2025-06-24,Elective,Home,PROV038
205,90,2025-08-25,2025-08-29,Emergency,Skilled Nursing Facility,PROV032
36,14,2025-04-26,2025-04-26,Newborn,Rehab,PROV028
443,192,2025-08-01,2025-08-11,Urgent,Home,PROV020
1009,454,2026-03-19,,Urgent,,PROV009
406,174,04/12/2026,2026-04-25,Elective,Skilled Nursing Facility,PROV025
159,72,04/25/2026,2026-04-26,Emergency,Transferred,PROV024
482,204,2024-12-08,2024-12-08,Newborn,Skilled Nursing Facility,PROV034
565,240,2026-08-08,2026-08-19,Emergency,Expired,PROV033
396,168,2024-09-23,2024-10-01,Newborn,Skilled Nursing Facility,PROV026
777,344,2026-04-28,2026-05-03,Emergency,Skilled Nursing Facility,PROV039
286,122,2025-08-28,2025-09-02,Urgent,Expired,PROV022
719,315,2025-05-13,2025-05-25,Newborn,Transferred,PROV011
815,365,2026-05-19,2026-05-25,Urgent,Transferred,PROV011
927,416,2026-08-20,2026-08-23,Newborn,Expired,PROV010
685,303,2024-12-20,2024-12-23,Emergency,Rehab,PROV026
1074,481,2025-09-14,2025-09-18,Newborn,Rehab,PROV027
1082,484,2025-04-19,2025-04-21,Elective,Home,PROV002
961,430,2025-09-15,2025-09-17,Newborn,Home,PROV005
595,253,2025-11-30,2025-12-11,Emergency,Home,PROV015
152,69,2025-04-15,2025-04-28,Emergency,Expired,PROV032
35,14,2025-12-23,2025-12-30,Emergency,Skilled Nursing Facility,PROV025
940,423,2025-08-02,2025-08-07,Elective,Home,PROV034
279,120,2025-02-25,2025-03-06,Newborn,Rehab,PROV035
305,133,2024-11-06,2024-11-20,Emergency,Rehab,PROV019
365,153,2025-04-04,2025-04-13,Urgent,Transferred,PROV009
848,381,2026-08-27,2026-09-03,Urgent,Skilled Nursing Facility,PROV034
1054,474,2025-06-18,2025-07-01,Newborn,Rehab,PROV035
14,8,2025-11-19,2025-11-27,Emergency,Skilled Nursing Facility,PROV011
841,376,2026-01-10,2026-01-21,Elective,Skilled Nursing Facility,PROV022
1102,491,2026-08-07,2026-08-08,Emergency,Transferred,PROV023
742,325,2025-08-03,2025-08-09,Emergency,Skilled Nursing Facility,PROV030
238,109,2025-05-31,2025-06-05,Elective,Transferred,PROV031
197,86,2025-11-13,2025-11-25,Emergency,Transferred,PROV028
398,171,2025-04-15,2025-04-19,Emergency,Expired,PROV007
786,348,2024-10-27,2024-11-08,Newborn,Expired,PROV010
644,285,2026-06-01,2026-06-02,Elective,Expired,PROV013
614,265,2026-04-17,2026-04-29,Elective,Skilled Nursing Facility,PROV019
314,136,2025-03-25,2025-04-05,Urgent,Rehab,PROV040
206,91,2025-01-22,2025-02-01,Urgent,Rehab,PROV010
196,86,2026-08-10,,Elective,,PROV009
752,328,2026-01-06,2026-01-17,Newborn,Transferred,PROV036
669,293,2026-08-04,,Newborn,,PROV034
821,368,2025-10-29,2025-11-11,Elective,Skilled Nursing Facility,PROV004
53,21,2025-07-14,2025-07-14,Emergency,Rehab,PROV014
356,149,02/17/2025,2025-02-25,Newborn,Skilled Nursing Facility,PROV007
1072,480,2026-08-15,2026-08-25,Emergency,Expired,PROV016
881,399,2025-01-07,2025-01-17,Emergency,Skilled Nursing Facility,PROV027
543,229,2024-12-02,2024-12-06,Newborn,Expired,PROV007
227,105,01/18/2025,,Urgent,,PROV016
679,298,2026-04-10,2026-04-22,Elective,Expired,PROV026
904,408,2026-03-16,2026-03-27,Urgent,Skilled Nursing Facility,PROV021
606,258,2025-01-26,2025-02-04,Elective,Skilled Nursing Facility,PROV033
1001,448,2025-03-26,2025-04-08,Emergency,Rehab,PROV033
623,271,2026-04-15,2026-04-15,Urgent,Expired,PROV033
18,10,2024-10-16,2024-10-24,Emergency,Rehab,PROV033
32,14,2025-08-13,2025-08-15,Elective,Home,PROV029
44,16,2025-08-16,2025-08-25,Emergency,Expired,PROV014
506,212,11/06/2025,2025-11-07,Emergency,Rehab,PROV017
229,106,05/07/2026,2026-05-19,Newborn,Skilled Nursing Facility,PROV031
794,350,2025-08-09,2025-08-15,Urgent,Home,PROV002
225,102,01/08/2026,2026-01-10,Newborn,Rehab,PROV036
835,371,2025-11-30,2025-12-06,Urgent,Skilled Nursing Facility,PROV040
704,312,2026-02-24,2026-03-05,Urgent,Skilled Nursing Facility,PROV018
267,114,2025-01-28,2025-01-30,Emergency,Expired,PROV011
171,78,2026-05-02,2026-05-06,Emergency,Skilled Nursing Facility,PROV001
975,436,2026-04-29,2026-05-05,Urgent,Transferred,PROV038
480,203,2026-01-17,2026-01-22,Urgent,Transferred,PROV010
123,56,2026-03-07,2026-03-19,Newborn,Rehab,PROV012
673,296,2025-04-16,2025-04-20,Emergency,Expired,PROV034
56,23,2026-07-12,2026-07-16,Newborn,Home,PROV031
632,278,2026-07-31,2026-08-13,Elective,Skilled Nursing Facility,PROV026
757,330,2025-08-31,2025-09-05,Newborn,Skilled Nursing Facility,PROV034
393,168,2024-11-06,2024-11-11,Newborn,Rehab,PROV005
1110,496,2025-07-13,2025-07-25,Emergency,Home,PROV036
324,138,2025-12-09,2025-12-09,Elective,Transferred,PROV024
1116,497,2025-02-10,2025-02-22,Newborn,Home,PROV003
562,238,2024-09-29,2024-09-30,Elective,Home,PROV003
15,9,2024-11-28,2024-12-07,Newborn,Expired,PROV017
923,415,2026-04-15,2026-04-29,Newborn,Home,PROV029
948,426,2025-11-10,2025-11-24,Newborn,Home,PROV028
160,72,2025-12-20,2025-12-30,Newborn,Rehab,PROV007
845,379,2025-10-19,2025-10-31,Emergency,Skilled Nursing Facility,PROV018
85,37,05/04/2025,2025-05-13,Newborn,Skilled Nursing Facility,PROV030
431,186,01/22/2025,2025-01-23,Emergency,Home,PROV021
890,405,2025-08-10,2025-08-14,Urgent,Expired,PROV017
1078,481,2025-02-05,2025-02-17,Newborn,Skilled Nursing Facility,PROV001
217,95,2026-08-31,2026-09-14,Newborn,Skilled Nursing Facility,PROV039
116,52,2025-07-13,2025-07-20,Emergency,Skilled Nursing Facility,PROV019
13,7,2026-08-15,2026-08-18,Newborn,Expired,PROV026
588,250,2025-03-04,2025-03-12,Elective,Home,PROV032
861,392,2026-01-30,2026-02-02,Urgent,Rehab,PROV026
913,411,2025-06-22,2025-07-05,Newborn,Skilled Nursing Facility,PROV040
690,306,2025-04-07,2025-04-19,Urgent,Transferred,PROV025
201,88,2026-02-01,2026-02-03,Urgent,Home,PROV028
710,313,2026-09-07,2026-09-11,Newborn,Home,PROV011
162,73,2026-08-20,2026-08-30,Urgent,Transferred,PROV008
1088,485,2025-10-02,2025-10-15,Urgent,Skilled Nursing Facility,PROV027
851,391,2026-08-19,2026-08-19,Elective,Rehab,PROV013
216,94,2025-10-21,2025-11-01,Elective,Rehab,PROV006
720,317,2025-10-20,2025-10-30,Emergency,Skilled Nursing Facility,PROV011
598,254,2025-08-03,2025-08-04,Emergency,Transferred,PROV014
115,51,2025-09-16,2025-09-20,Elective,Expired,PROV005
23,10,2025-10-19,2025-10-31,Newborn,Expired,PROV011
868,395,03/26/2025,2025-03-28,Newborn,Home,PROV038
886,401,2025-01-18,2025-01-19,Emergency,Skilled Nursing Facility,PROV034
1077,481,2025-08-26,2025-09-03,Urgent,Transferred,PROV002
924,415,11/20/2025,2025-12-01,Emergency,Expired,PROV016
799,351,2026-04-02,2026-04-07,Urgent,Home,PROV017
507,214,2024-09-28,2024-09-30,Emergency,Rehab,PROV039
366,155,2026-08-02,2026-08-02,Emergency,Rehab,PROV039
624,271,2026-06-13,2026-06-20,Elective,Rehab,PROV033
500,209,2025-11-17,2025-11-17,Elective,Expired,PROV007
1056,474,2025-08-20,2025-08-28,Elective,Skilled Nursing Facility,PROV020
27,12,02/23/2025,2025-02-26,Urgent,Home,PROV033
676,297,2025-12-29,2026-01-07,Elective,Transferred,PROV036
380,161,2024-12-03,2024-12-12,Urgent,Skilled Nursing Facility,PROV026
608,259,2026-06-13,2026-06-23,Urgent,Transferred,PROV001
824,368,2025-11-28,2025-11-28,Emergency,Expired,PROV032
909,408,12/13/2025,2025-12-24,Elective,Transferred,PROV037
1019,458,2026-05-19,2026-06-02,Urgent,Expired,PROV012
860,392,2026-07-06,2026-07-10,Newborn,Transferred,PROV015
840,376,2025-08-31,,Urgent,,PROV026
828,369,2024-12-25,2025-01-07,Emergency,Home,PROV007
410,177,2026-04-03,2026-04-15,Emergency,Transferred,PROV035
930,417,2025-03-11,2025-03-21,Emergency,Transferred,PROV040
938,422,2026-03-03,2026-03-13,Elective,Skilled Nursing Facility,PROV040
473,201,2025-05-25,2025-05-29,Newborn,Transferred,PROV036
889,404,2024-11-10,2024-11-18,Urgent,Transferred,PROV023
1090,485,2025-08-26,2025-09-04,Newborn,Home,PROV001
811,361,2026-07-22,2026-08-04,Newborn,Skilled Nursing Facility,PROV028
141,66,2026-04-02,2026-04-07,Emergency,Rehab,PROV035
268,115,2025-04-15,2025-04-17,Urgent,Expired,PROV003
1021,458,2025-01-27,2025-01-30,Urgent,Home,PROV030
438,188,2025-12-28,2026-01-09,Newborn,Transferred,PROV008
716,314,2024-12-27,2025-01-05,Elective,Skilled Nursing Facility,PROV022
951,427,2025-07-25,2025-07-26,Elective,Rehab,PROV015
375,158,2024-10-31,2024-11-02,Urgent,Rehab,PROV018
1025,459,2024-10-11,2024-10-25,Urgent,Skilled Nursing Facility,PROV001
688,305,2025-12-13,2025-12-16,Newborn,Expired,PROV001
708,313,2024-11-15,2024-11-28,Elective,Transferred,PROV001
90,39,2024-12-09,2024-12-12,Elective,Transferred,PROV017
702,312,2026-04-21,2026-04-28,Newborn,Rehab,PROV001
837,372,2025-05-26,2025-06-06,Emergency,Home,PROV030
492,208,2024-11-14,2024-11-23,Emergency,Rehab,PROV040
1022,459,2025-05-21,2025-05-28,Emergency,Home,PROV021
290,124,2024-12-24,2024-12-26,Emergency,Skilled Nursing Facility,PROV002
905,408,10/07/2024,,Emergency,,PROV001
338,141,2025-08-17,2025-08-24,Elective,Transferred,PROV004
100,45,2025-03-03,2025-03-05,Urgent,Rehab,PROV018
283,121,2026-02-25,2026-03-03,Urgent,Skilled Nursing Facility,PROV013
630,273,2024-12-14,2024-12-21,Emergency,Transferred,PROV008
631,278,2025-07-16,2025-07-25,Newborn,Transferred,PROV026
958,428,2025-08-20,2025-08-23,Newborn,Skilled Nursing Facility,PROV009
771,337,2026-02-19,2026-02-24,Newborn,Home,PROV003
143,66,2025-03-06,2025-03-15,Urgent,Skilled Nursing Facility,PROV006
57,24,2025-06-16,2025-06-21,Elective,Skilled Nursing Facility,PROV002
509,214,06/18/2026,2026-07-02,Urgent,Skilled Nursing Facility,PROV013
327,139,2025-03-29,2025-04-06,Emergency,Home,PROV020
753,329,2026-02-12,2026-02-15,Urgent,Transferred,PROV018
4,3,2026-04-20,2026-04-25,Urgent,Home,PROV006
479,203,2025-09-12,2025-09-25,Newborn,Transferred,PROV012
767,336,2026-02-15,2026-03-01,Newborn,Expired,PROV022
362,151,2025-02-11,2025-02-14,Newborn,Rehab,PROV003
458,196,2025-05-25,2025-06-06,Newborn,Home,PROV024
452,193,2024-11-24,2024-12-01,Newborn,Expired,PROV011
1033,460,2026-03-31,2026-04-07,Newborn,Expired,PROV021
19,10,2024-10-15,2024-10-24,Elective,Expired,PROV034
577,243,12/29/2024,2025-01-11,Urgent,Rehab,PROV021
714,314,2026-02-19,2026-03-01,Urgent,Rehab,PROV021
120,54,2026-03-10,2026-03-17,Newborn,Rehab,PROV033
878,399,2026-08-16,2026-08-19,Elective,Expired,PROV025
368,156,2024-11-19,2024-11-26,Newborn,Transferred,PROV012
1099,490,2026-09-17,2026-09-23,Newborn,Skilled Nursing Facility,PROV036
1058,475,2025-07-06,2025-07-19,Elective,Transferred,PROV016
582,247,2026-09-16,2026-09-17,Newborn,Skilled Nursing Facility,PROV040
514,216,12/11/2024,2024-12-25,Newborn,Skilled Nursing Facility,PROV024
569,240,2025-11-19,2025-11-23,Emergency,Rehab,PROV027
896,406,2024-11-09,2024-11-14,Elective,Transferred,PROV027
1011,454,2026-05-10,2026-05-10,Elective,Skilled Nursing Facility,PROV015
602,256,2026-09-11,2026-09-22,Elective,Home,PROV025
995,445,04/02/2025,2025-04-14,Urgent,Transferred,PROV012
389,166,03/07/2025,2025-03-19,Urgent,Skilled Nursing Facility,PROV033
1007,451,2025-03-10,2025-03-12,Newborn,Transferred,PROV022
692,308,2026-03-26,2026-03-27,Elective,Skilled Nursing Facility,PROV021
1095,489,2025-05-30,2025-06-01,Newborn,Skilled Nursing Facility,PROV006
888,404,2025-03-07,2025-03-16,Emergency,Transferred,PROV030
442,192,2025-03-23,2025-04-02,Newborn,Transferred,PROV006
99,44,2025-06-24,2025-06-27,Newborn,Rehab,PROV002
190,86,2026-07-22,2026-07-25,Elective,Rehab,PROV020
237,109,2025-12-31,2026-01-11,Urgent,Skilled Nursing Facility,PROV003
1103,491,2025-09-07,2025-09-18,Emergency,Skilled Nursing Facility,PROV008
785,348,2024-10-10,2024-10-16,Urgent,Expired,PROV002
653,289,2025-04-26,2025-05-06,Urgent,Rehab,PROV038
416,179,2024-11-06,2024-11-10,Emergency,Skilled Nursing Facility,PROV027
1063,478,2024-10-01,2024-10-15,Emergency,Transferred,PROV009
872,397,2026-03-30,2026-04-06,Newborn,Skilled Nursing Facility,PROV014
638,282,2026-06-18,2026-06-21,Urgent,Rehab,PROV009
199,87,2025-04-17,2025-04-30,Newborn,Home,PROV021
184,81,07/15/2025,2025-07-27,Urgent,Home,PROV027
308,135,2026-08-26,2026-09-07,Elective,Skilled Nursing Facility,PROV040
911,410,2025-09-27,2025-10-09,Urgent,Rehab,PROV011
193,86,2026-04-04,2026-04-14,Newborn,Rehab,PROV014
700,311,2026-04-03,2026-04-15,Elective,Expired,PROV009
181,80,2025-12-29,2026-01-12,Newborn,Transferred,PROV027
963,430,2024-10-31,2024-11-12,Elective,Home,PROV040
664,292,2025-11-12,2025-11-24,Urgent,Skilled Nursing Facility,PROV022
228,105,2025-07-09,2025-07-15,Emergency,Rehab,PROV007
344,143,2026-02-27,2026-03-10,Newborn,Skilled Nursing Facility,PROV039
609,262,2025-02-06,2025-02-10,Urgent,Rehab,PROV010
723,317,2025-08-05,2025-08-14,Newborn,Rehab,PROV015
16,9,12/24/2025,2026-01-01,Emergency,Expired,PROV018
649,287,2026-02-16,2026-03-01,Elective,Expired,PROV009
40,16,2026-05-04,2026-05-10,Elective,Expired,PROV039
578,245,2024-10-24,2024-10-24,Elective,Rehab,PROV023
333,141,2024-12-04,2024-12-08,Urgent,Expired,PROV039
991,444,2026-02-10,2026-02-14,Newborn,Expired,PROV006
404,174,2025-08-16,2025-08-23,Elective,Expired,PROV011
696,309,2026-09-10,2026-09-21,Urgent,Skilled Nursing Facility,PROV015
544,229,2026-01-27,2026-01-27,Urgent,Expired,PROV039
202,88,2025-06-13,2025-06-26,Newborn,Expired,PROV006
1114,497,2026-07-14,2026-07-19,Elective,Transferred,PROV029
251,111,2026-08-04,2026-08-07,Newborn,Expired,PROV003
361,151,2025-08-15,2025-08-28,Emergency,Expired,PROV003
357,149,2025-02-16,2025-03-02,Elective,Expired,PROV034
459,196,2026-09-18,2026-09-21,Elective,Transferred,PROV024
503,211,2026-01-10,2026-01-21,Emergency,Home,PROV004
212,92,2025-04-14,2025-04-15,Emergency,Expired,PROV012
89,38,07/27/2026,2026-08-08,Emergency,Skilled Nursing Facility,PROV013
345,143,2026-02-11,2026-02-22,Urgent,Rehab,PROV025
5,3,2025-04-23,2025-04-29,Urgent,Home,PROV030
462,197,2026-02-24,2026-02-24,Urgent,Home,PROV014
675,296,2024-12-15,2024-12-20,Urgent,Rehab,PROV035
244,110,2026-08-05,2026-08-12,Urgent,Home,PROV028
540,228,2026-08-28,,Emergency,,PROV031
527,218,2026-01-04,2026-01-10,Newborn,Home,PROV012
1065,478,2025-08-14,2025-08-26,Emergency,Skilled Nursing Facility,PROV039
69,26,2025-11-24,2025-12-01,Elective,Home,PROV019
1042,467,2026-03-17,2026-03-23,Urgent,Transferred,PROV023
468,199,01/01/2025,2025-01-08,Elective,Skilled Nursing Facility,PROV038
987,444,2025-03-15,2025-03-18,Elective,Home,PROV006
889,404,2024-11-10,2024-11-18,Urgent,Transferred,PROV023
1068,479,12/12/2024,2024-12-16,Urgent,Home,PROV021
236,109,09/22/2024,2024-09-27,Emergency,Rehab,PROV016
1015,457,2026-01-06,2026-01-09,Urgent,Home,PROV006
175,79,2025-01-18,2025-01-29,Urgent,Transferred,PROV002
165,76,2025-06-30,2025-07-04,Newborn,Transferred,PROV016
340,142,2025-09-19,2025-09-29,Urgent,Home,PROV035
674,296,2024-10-21,2024-10-22,Elective,Rehab,PROV027
140,65,08/03/2026,2026-08-11,Elective,Transferred,PROV010
232,107,2026-05-19,2026-05-25,Emergency,Home,PROV032
796,350,2026-01-24,2026-02-04,Emergency,Skilled Nursing Facility,PROV013
234,108,2025-11-07,2025-11-10,Emergency,Expired,PROV024
806,357,2026-02-13,2026-02-15,Elective,Home,PROV040
812,361,2026-05-13,2026-05-19,Newborn,Rehab,PROV026
932,418,2025-08-26,2025-08-27,Newborn,Rehab,PROV008
709,313,2026-02-19,2026-02-21,Urgent,Transferred,PROV020
935,421,2025-07-21,2025-07-21,Newborn,Skilled Nursing Facility,PROV002
846,379,2025-08-19,2025-09-01,Elective,Expired,PROV039
163,73,12/19/2025,2025-12-21,Newborn,Home,PROV007
411,177,2025-10-05,2025-10-08,Elective,Rehab,PROV003
491,208,2026-08-07,2026-08-15,Emergency,Home,PROV015
259,113,2026-05-05,2026-05-08,Elective,Skilled Nursing Facility,PROV032
680,298,2026-05-25,2026-06-06,Emergency,Skilled Nursing Facility,PROV025
760,332,10/24/2025,2025-10-31,Newborn,Transferred,PROV034
222,101,2026-07-07,2026-07-14,Newborn,Skilled Nursing Facility,PROV035
944,426,2025-09-20,2025-10-01,Elective,Home,PROV032
766,335,2025-01-31,2025-02-08,Emergency,Expired,PROV023
648,286,2024-10-10,2024-10-21,Emergency,Transferred,PROV024
372,158,2026-07-18,2026-07-24,Newborn,Home,PROV002
512,216,09/15/2026,2026-09-22,Elective,Rehab,PROV006
384,164,2025-03-24,2025-04-03,Elective,Rehab,PROV010
642,284,2025-05-17,2025-05-28,Urgent,Skilled Nursing Facility,PROV022
672,295,2025-12-16,2025-12-20,Emergency,Rehab,PROV039
838,374,2026-05-01,2026-05-13,Emergency,Rehab,PROV023
670,295,2025-04-12,2025-04-15,Newborn,Rehab,PROV038
154,70,2025-04-01,2025-04-10,Elective,Home,PROV003
1081,483,2026-02-09,2026-02-13,Urgent,Rehab,PROV013
166,76,2025-03-11,2025-03-24,Urgent,Expired,PROV023
605,258,2026-07-25,2026-08-07,Elective,Skilled Nursing Facility,PROV014
289,123,2025-09-07,2025-09-14,Elective,Home,PROV038
1069,479,2025-08-24,2025-09-01,Urgent,Skilled Nursing Facility,PROV024
360,151,2025-01-08,2025-01-16,Elective,Home,PROV032
390,166,2026-07-25,2026-08-05,Elective,Transferred,PROV024
171,78,2026-05-02,2026-05-06,Emergency,Skilled Nursing Facility,PROV001
280,120,2026-03-29,2026-03-29,Urgent,Rehab,PROV026
494,209,2025-03-30,2025-04-10,Urgent,Home,PROV024
842,377,06/17/2026,2026-07-01,Elective,Transferred,PROV010
1,2,2026-01-31,2026-02-03,Emergency,Expired,PROV028
433,186,2025-10-21,2025-10-29,Elective,Transferred,PROV023
697,310,2026-06-10,2026-06-23,Emergency,Home,PROV006
552,233,2025-01-01,2025-01-11,Urgent,Transferred,PROV022
2,3,2024-12-17,2024-12-20,Elective,Expired,PROV027
974,435,2025-04-26,2025-05-07,Emergency,Home,PROV015
463,198,04/01/2026,2026-04-07,Elective,Rehab,PROV006
727,319,2025-05-09,2025-05-16,Newborn,Expired,PROV035
613,264,2025-02-08,2025-02-16,Elective,Expired,PROV029
880,399,2024-11-23,,Elective,,PROV032
383,162,2026-07-13,2026-07-15,Newborn,Skilled Nursing Facility,PROV029
570,241,2024-10-19,2024-10-28,Emergency,Expired,PROV040
209,92,2026-04-05,2026-04-06,Emergency,Expired,PROV039
513,216,2026-02-19,2026-02-26,Newborn,Transferred,PROV032
86,37,2024-11-22,2024-11-24,Elective,Transferred,PROV021
741,323,2025-05-13,2025-05-25,Elective,Skilled Nursing Facility,PROV017
834,370,2025-11-08,2025-11-17,Emergency,Transferred,PROV039
916,413,2025-07-21,2025-08-04,Emergency,Home,PROV025
129,56,2025-03-18,2025-03-21,Newborn,Transferred,PROV004
253,111,2024-11-22,2024-12-04,Urgent,Transferred,PROV021
104,46,2026-09-19,2026-09-23,Urgent,Transferred,PROV036
1064,478,2026-07-13,2026-07-16,Emergency,Expired,PROV038
616,266,2025-06-07,2025-06-13,Elective,Expired,PROV017
988,444,2026-02-08,2026-02-16,Emergency,Expired,PROV026
581,245,2026-08-21,2026-09-01,Elective,Home,PROV009
30,12,2026-03-20,2026-03-21,Newborn,Transferred,PROV004
1117,498,2025-10-05,2025-10-15,Elective,Transferred,PROV034
68,26,2024-11-22,2024-11-25,Urgent,Transferred,PROV029
417,179,2025-12-15,2025-12-29,Elective,Skilled Nursing Facility,PROV016
1059,475,11/14/2024,2024-11-15,Urgent,Transferred,PROV032
326,139,2025-09-24,2025-09-26,Elective,Expired,PROV026
887,401,2026-03-24,2026-04-06,Newborn,Expired,PROV006
276,117,2026-05-01,2026-05-07,Elective,Rehab,PROV037
592,251,12/10/2024,2024-12-11,Emergency,Home,PROV039
395,168,2025-07-13,2025-07-23,Elective,Expired,PROV012
882,399,2025-01-17,2025-01-30,Newborn,Expired,PROV012
521,218,2024-12-14,2024-12-15,Elective,Expired,PROV017
505,212,2026-02-11,2026-02-17,Elective,Skilled Nursing Facility,PROV029
243,110,2025-06-30,2025-07-06,Newborn,Rehab,PROV012
246,110,2026-06-10,2026-06-15,Urgent,Rehab,PROV029
208,91,09/24/2024,2024-09-24,Newborn,Transferred,PROV003
54,23,2024-12-06,2024-12-15,Elective,Skilled Nursing Facility,PROV012
998,447,2024-10-07,2024-10-11,Newborn,Home,PROV019
385,164,2025-01-29,2025-02-09,Newborn,Expired,PROV031
810,359,2026-04-28,2026-05-10,Newborn,Skilled Nursing Facility,PROV013
1048,473,2026-06-09,2026-06-19,Elective,Rehab,PROV017
423,183,2024-11-05,2024-11-18,Elective,Expired,PROV032
1093,487,2025-12-26,2026-01-04,Emergency,Home,PROV017
328,140,2026-05-24,2026-06-01,Newborn,Rehab,PROV010
627,272,2025-01-23,2025-01-31,Newborn,Home,PROV010
843,377,2026-04-03,2026-04-13,Urgent,Transferred,PROV027
900,407,2025-07-21,2025-07-28,Newborn,Home,PROV019
979,438,2026-07-02,2026-07-04,Elective,Skilled Nursing Facility,PROV016
161,73,2025-08-20,2025-08-20,Urgent,Expired,PROV015
186,82,2025-09-20,2025-09-21,Newborn,Skilled Nursing Facility,PROV007
816,365,2025-08-18,2025-08-24,Elective,Transferred,PROV029
61,25,2024-10-25,2024-10-31,Newborn,Expired,PROV033
174,79,2024-12-16,2024-12-24,Elective,Expired,PROV003
418,179,2026-04-16,2026-04-18,Newborn,Transferred,PROV010
315,136,2025-04-26,2025-04-29,Elective,Transferred,PROV039
953,427,2025-12-04,2025-12-17,Newborn,Skilled Nursing Facility,PROV038
650,288,2025-02-19,2025-02-28,Elective,Transferred,PROV023
262,114,2024-12-28,2025-01-09,Elective,Rehab,PROV005
875,399,2025-04-21,,Urgent,,PROV008
721,317,05/20/2025,2025-05-26,Newborn,Expired,PROV004
293,125,2024-11-10,2024-11-20,Elective,Transferred,PROV035
173,78,2026-07-22,2026-07-26,Emergency,Home,PROV031
628,272,2026-05-26,2026-05-26,Emergency,Home,PROV004
954,427,2026-02-18,2026-02-25,Newborn,Skilled Nursing Facility,PROV016
118,52,2026-09-10,2026-09-22,Elective,Transferred,PROV008
94,41,2026-01-28,2026-02-10,Emergency,Rehab,PROV035
264,114,2026-02-16,2026-02-18,Emergency,Home,PROV034
392,168,2026-08-23,2026-08-28,Elective,Expired,PROV031
1027,460,2025-05-22,2025-05-28,Elective,Home,PROV024
859,392,2025-04-02,2025-04-04,Newborn,Home,PROV030
25,11,2024-10-12,2024-10-22,Newborn,Home,PROV016
926,416,01/03/2026,2026-01-03,Emergency,Transferred,PROV008
703,312,2026-04-17,2026-04-17,Emergency,Rehab,PROV024
448,193,12/15/2025,2025-12-26,Newborn,Rehab,PROV034
818,367,2025-02-05,2025-02-19,Elective,Home,PROV006
906,408,2026-07-19,2026-07-25,Newborn,Rehab,PROV015
504,212,2026-06-10,2026-06-12,Newborn,Rehab,PROV035
641,283,2025-06-20,2025-06-25,Elective,Home,PROV021
770,337,2025-10-27,2025-11-05,Newborn,Expired,PROV017
871,397,2024-11-21,2024-12-05,Emergency,Skilled Nursing Facility,PROV010
329,140,2025-09-24,2025-09-28,Emergency,Home,PROV027
817,365,2025-03-10,2025-03-11,Elective,Transferred,PROV027
836,371,2025-12-28,2026-01-06,Newborn,Transferred,PROV012
455,194,2025-12-19,2025-12-21,Newborn,Skilled Nursing Facility,PROV021
594,252,2026-05-20,2026-06-02,Newborn,Rehab,PROV036
922,415,2026-04-25,2026-04-27,Elective,Rehab,PROV025
1037,464,2026-03-12,2026-03-26,Elective,Rehab,PROV025
282,121,2025-07-28,2025-08-05,Emergency,Skilled Nursing Facility,PROV007
610,263,08/07/2026,2026-08-10,Newborn,Home,PROV040
185,81,2025-12-28,2026-01-02,Newborn,Home,PROV019
545,229,2025-08-17,2025-08-26,Newborn,Home,PROV022
700,311,2026-04-03,2026-04-15,Elective,Expired,PROV009
20,10,2024-12-03,,Emergency,,PROV008
515,216,2026-09-21,2026-10-05,Emergency,Rehab,PROV029
831,369,2026-06-06,2026-06-20,Urgent,Rehab,PROV025
194,86,2024-12-19,2024-12-31,Emergency,Rehab,PROV038
1029,460,2026-03-02,2026-03-15,Urgent,Transferred,PROV023
584,248,2026-07-22,2026-08-05,Newborn,Home,PROV005
1121,499,04/10/2025,2025-04-18,Urgent,Rehab,PROV017
591,251,2026-02-22,2026-02-23,Emergency,Transferred,PROV002
555,236,2025-01-25,2025-01-27,Newborn,Skilled Nursing Facility,PROV021
762,332,2026-05-31,2026-06-11,Elective,Transferred,PROV006
931,417,04/21/2025,2025-04-23,Emergency,Home,PROV032
725,319,2025-07-31,2025-08-13,Newborn,Expired,PROV018
993,445,2026-04-30,2026-05-11,Emergency,Skilled Nursing Facility,PROV014
575,243,2025-01-15,2025-01-27,Emergency,Rehab,PROV015
317,137,2025-10-04,2025-10-17,Urgent,Home,PROV037
870,397,2025-08-29,2025-09-03,Emergency,Skilled Nursing Facility,PROV009
26,11,12/01/2025,2025-12-04,Elective,Expired,PROV015
170,78,12/01/2024,2024-12-13,Elective,Skilled Nursing Facility,PROV035
91,40,2025-07-14,2025-07-23,Emergency,Skilled Nursing Facility,PROV020
285,122,2025-07-09,2025-07-16,Elective,Rehab,PROV040
902,408,2026-05-12,2026-05-22,Urgent,Rehab,PROV018
47,18,2025-01-20,2025-02-03,Elective,Rehab,PROV008
897,406,2025-03-01,2025-03-13,Elective,Skilled Nursing Facility,PROV037
784,346,2025-01-14,2025-01-25,Urgent,Transferred,PROV021
765,334,2026-04-16,2026-04-17,Elective,Skilled Nursing Facility,PROV034
1106,493,2025-09-17,2025-09-27,Urgent,Home,PROV026
397,169,2025-07-22,2025-08-01,Elective,Transferred,PROV038
910,409,2025-07-14,2025-07-28,Urgent,Transferred,PROV005
639,282,2026-09-05,2026-09-15,Emergency,Skilled Nursing Facility,PROV021
850,388,2025-09-03,2025-09-06,Emergency,Home,PROV020
92,41,2025-04-25,2025-05-09,Newborn,Transferred,PROV013
334,141,2024-12-06,2024-12-18,Urgent,Skilled Nursing Facility,PROV034
153,70,2025-01-08,2025-01-20,Urgent,Skilled Nursing Facility,PROV013
790,348,2026-07-14,2026-07-25,Newborn,Home,PROV022
461,197,2025-02-27,2025-03-13,Urgent,Home,PROV022
472,200,2025-09-12,2025-09-14,Urgent,Transferred,PROV033
728,319,2025-11-26,2025-11-30,Elective,Home,PROV029
517,216,2025-01-04,2025-01-05,Newborn,Expired,PROV015
914,411,2025-05-11,2025-05-17,Elective,Expired,PROV028
136,63,2024-11-12,2024-11-20,Newborn,Transferred,PROV021
922,415,2026-04-25,2026-04-27,Elective,Rehab,PROV025
487,206,2025-04-15,2025-04-19,Emergency,Skilled Nursing Facility,PROV037
782,346,2026-06-10,2026-06-16,Elective,Skilled Nursing Facility,PROV031
1023,459,2024-12-14,2024-12-21,Urgent,Transferred,PROV015
464,199,2025-05-24,2025-06-07,Urgent,Transferred,PROV006
780,345,2025-05-21,2025-05-30,Urgent,Transferred,PROV010
318,137,2025-03-07,2025-03-08,Elective,Expired,PROV035
768,336,2024-11-26,2024-12-06,Newborn,Rehab,PROV021
493,208,2026-08-05,2026-08-08,Elective,Rehab,PROV004
428,185,2026-09-06,2026-09-17,Emergency,Home,PROV001
46,18,2025-04-25,2025-05-04,Emergency,Expired,PROV020
70,27,2025-05-07,2025-05-08,Urgent,Skilled Nursing Facility,PROV013
1026,459,2026-09-13,2026-09-23,Newborn,Expired,PROV006
561,238,2025-12-01,2025-12-11,Urgent,Rehab,PROV009
947,426,2026-01-18,2026-01-23,Newborn,Skilled Nursing Facility,PROV025
3,3,2024-10-11,2024-10-14,Emergency,Skilled Nursing Facility,PROV028
501,209,2026-03-22,2026-04-05,Emergency,Skilled Nursing Facility,PROV023
188,84,2025-04-05,2025-04-05,Urgent,Rehab,PROV023
221,100,2025-05-11,2025-05-20,Elective,Transferred,PROV003
825,368,2025-04-03,2025-04-06,Newborn,Transferred,PROV029
691,306,2024-10-26,2024-11-04,Urgent,Transferred,PROV030
50,20,2025-06-10,2025-06-10,Urgent,Skilled Nursing Facility,PROV029
917,414,07/16/2026,2026-07-30,Newborn,Transferred,PROV028
1096,489,2026-07-15,2026-07-20,Urgent,Home,PROV021
146,66,2025-07-26,2025-07-31,Newborn,Expired,PROV012
147,68,2026-08-10,2026-08-19,Elective,Skilled Nursing Facility,PROV030
813,361,2026-08-10,2026-08-19,Emergency,Expired,PROV007
498,209,2025-08-28,2025-09-10,Urgent,Skilled Nursing Facility,PROV012
302,129,2024-11-16,2024-11-16,Elective,Transferred,PROV031
311,135,2025-06-05,2025-06-19,Elective,Transferred,PROV018
384,164,2025-03-24,2025-04-03,Elective,Rehab,PROV010
1115,497,2025-06-01,2025-06-15,Newborn,Home,PROV028
381,161,2026-09-11,2026-09-16,Newborn,Expired,PROV016
713,314,2025-05-23,2025-05-29,Elective,Expired,PROV037
157,71,2025-11-14,2025-11-28,Newborn,Rehab,PROV022
536,223,2025-10-19,2025-10-19,Urgent,Rehab,PROV030
42,16,2025-01-24,2025-02-03,Newborn,Skilled Nursing Facility,PROV020
297,127,2025-11-26,2025-12-05,Newborn,Rehab,PROV010
586,249,2026-08-21,2026-08-29,Newborn,Skilled Nursing Facility,PROV031
1061,476,2026-02-06,2026-02-06,Elective,Home,PROV032
1018,458,2024-12-19,2024-12-30,Emergency,Home,PROV014
113,50,2025-03-31,2025-04-12,Newborn,Rehab,PROV038
419,180,2025-11-17,2025-11-27,Emergency,Transferred,PROV033
1112,497,2024-10-14,2024-10-16,Elective,Home,PROV020
122,56,2025-03-11,2025-03-20,Urgent,Expired,PROV003
866,394,2025-10-03,2025-10-11,Emergency,Rehab,PROV014
734,321,2025-07-13,2025-07-23,Urgent,Rehab,PROV035
964,432,2025-04-12,2025-04-26,Newborn,Expired,PROV003
34,14,2025-09-05,2025-09-06,Elective,Transferred,PROV032
485,205,2025-03-06,2025-03-15,Urgent,Home,PROV031
467,199,2025-07-26,2025-07-30,Newborn,Rehab,PROV021
218,97,2024-12-13,2024-12-23,Emergency,Transferred,PROV033
712,314,2026-01-19,2026-01-24,Urgent,Rehab,PROV002
992,444,2024-10-23,2024-10-26,Newborn,Transferred,PROV019
542,228,2024-10-31,2024-11-09,Urgent,Transferred,PROV025
526,218,2025-04-28,2025-05-10,Urgent,Transferred,PROV017
133,62,2025-05-25,2025-06-01,Elective,Home,PROV018
1044,472,2025-05-14,2025-05-23,Emergency,Transferred,PROV038
1098,490,2026-06-29,2026-07-13,Urgent,Expired,PROV021
1024,459,2025-12-15,2025-12-23,Newborn,Skilled Nursing Facility,PROV005
1036,462,2025-12-25,2026-01-08,Urgent,Transferred,PROV029
148,68,2026-09-02,2026-09-12,Emergency,Transferred,PROV019
167,76,2025-01-07,2025-01-07,Emergency,Transferred,PROV006
427,185,2025-10-17,2025-10-22,Emergency,Transferred,PROV020
502,210,05/14/2025,2025-05-24,Urgent,Transferred,PROV001
706,312,2025-07-01,2025-07-04,Urgent,Transferred,PROV018
451,193,2026-01-16,2026-01-28,Urgent,Expired,PROV005
434,187,2024-11-23,2024-12-07,Elective,Home,PROV007
652,289,2025-06-03,2025-06-17,Newborn,Home,PROV003
957,428,2026-02-03,2026-02-10,Emergency,Transferred,PROV032
599,254,2026-01-17,2026-01-24,Urgent,Home,PROV027
271,117,2026-01-06,2026-01-18,Newborn,Home,PROV004
405,174,2026-03-17,2026-03-24,Newborn,Expired,PROV004
532,222,2026-03-09,2026-03-12,Newborn,Transferred,PROV034
573,242,2025-12-18,2025-12-18,Newborn,Rehab,PROV016
603,257,2026-09-14,2026-09-22,Elective,Rehab,PROV026
1097,490,2025-03-31,2025-04-07,Urgent,Transferred,PROV019
539,227,2026-08-26,2026-09-08,Elective,Skilled Nursing Facility,PROV014
694,309,2024-09-23,2024-10-03,Elective,Transferred,PROV021
379,161,2024-10-03,2024-10-09,Elective,Rehab,PROV021
80,36,2024-11-15,,Newborn,,PROV031
1051,474,2025-12-05,2025-12-10,Urgent,Expired,PROV020
220,97,2026-01-20,2026-02-01,Elective,Skilled Nursing Facility,PROV005
488,207,2025-01-02,2025-01-07,Elective,Skilled Nursing Facility,PROV016
134,63,2025-07-30,2025-08-04,Emergency,Rehab,PROV020
802,354,2025-10-10,2025-10-14,Elective,Skilled Nursing Facility,PROV009
64,26,2025-11-12,2025-11-13,Urgent,Home,PROV020
95,41,07/01/2026,2026-07-07,Urgent,Home,PROV027
84,37,2026-05-15,2026-05-28,Emergency,Transferred,PROV038
422,183,2025-05-23,2025-05-26,Newborn,Rehab,PROV021
436,188,02/13/2025,2025-02-16,Urgent,Home,PROV020
729,319,2024-12-29,2025-01-02,Urgent,Home,PROV001
857,392,2025-04-11,2025-04-17,Newborn,Expired,PROV023
101,45,2026-02-24,2026-03-10,Emergency,Expired,PROV013
466,199,2025-04-16,2025-04-25,Elective,Skilled Nursing Facility,PROV019
925,415,2026-06-05,2026-06-12,Urgent,Transferred,PROV035
198,87,2026-04-28,2026-05-06,Urgent,Home,PROV026
597,253,08/02/2026,2026-08-07,Elective,Transferred,PROV009
907,408,2026-08-07,2026-08-18,Emergency,Expired,PROV006
336,141,2025-08-22,2025-08-29,Newborn,Expired,PROV021
972,435,2026-08-06,2026-08-08,Emergency,Rehab,PROV027
254,111,2024-11-27,2024-12-07,Emergency,Skilled Nursing Facility,PROV032
756,330,08/31/2025,2025-09-11,Urgent,Expired,PROV016
827,369,2026-07-12,2026-07-14,Elective,Home,PROV037
387,165,2025-10-04,2025-10-15,Emergency,Home,PROV016
779,345,02/26/2026,2026-03-09,Newborn,Transferred,PROV039
144,66,2026-02-13,2026-02-19,Emergency,Transferred,PROV011
689,306,02/16/2025,2025-02-24,Urgent,Rehab,PROV008
941,423,2026-04-07,2026-04-08,Elective,Transferred,PROV014
928,416,2025-03-12,2025-03-23,Emergency,Skilled Nursing Facility,PROV032
683,302,2026-01-05,,Urgent,,PROV013
292,124,2025-03-15,2025-03-27,Emergency,Skilled Nursing Facility,PROV034
307,134,2024-11-13,2024-11-25,Newborn,Rehab,PROV012
359,150,2025-09-05,2025-09-08,Emergency,Home,PROV006
1071,479,2026-01-28,2026-02-10,Emergency,Skilled Nursing Facility,PROV017
610,263,08/07/2026,2026-08-10,Newborn,Home,PROV040
547,230,2025-04-24,2025-05-02,Newborn,Rehab,PROV009
682,302,2025-08-26,2025-09-04,Emergency,Skilled Nursing Facility,PROV032
798,351,2025-02-20,2025-02-25,Emergency,Rehab,PROV023
1028,460,2025-12-13,2025-12-16,Newborn,Home,PROV015
580,245,2025-07-02,2025-07-04,Newborn,Rehab,PROV025
1087,484,2026-05-16,2026-05-17,Urgent,Rehab,PROV032
764,334,2026-06-02,2026-06-13,Elective,Expired,PROV007
242,109,2026-09-13,2026-09-25,Emergency,Rehab,PROV018
348,146,2024-11-08,2024-11-19,Newborn,Rehab,PROV010
465,199,2025-03-26,2025-04-04,Newborn,Home,PROV038
6,4,2025-03-31,2025-04-01,Urgent,Expired,PROV013
755,329,2025-09-18,2025-09-20,Urgent,Transferred,PROV001
587,250,2025-06-26,2025-06-28,Emergency,Home,PROV011
306,133,2025-03-18,2025-03-25,Newborn,Skilled Nursing Facility,PROV033
460,197,2025-04-12,2025-04-24,Elective,Skilled Nursing Facility,PROV001
128,56,2024-11-04,2024-11-17,Newborn,Transferred,PROV004
667,293,2024-10-13,2024-10-14,Emergency,Expired,PROV033
775,342,2024-12-03,2024-12-14,Newborn,Skilled Nursing Facility,PROV032
49,20,05/08/2026,2026-05-22,Newborn,Rehab,PROV003
127,56,2026-05-17,2026-05-24,Emergency,Transferred,PROV033
363,152,2025-04-26,2025-05-10,Elective,Rehab,PROV002
973,435,2025-07-13,2025-07-23,Urgent,Transferred,PROV029
643,285,2026-06-21,2026-06-28,Emergency,Skilled Nursing Facility,PROV039
266,114,11/23/2025,2025-12-07,Elective,Expired,PROV018
929,417,10/06/2025,2025-10-20,Elective,Home,PROV012
62,26,2026-04-11,2026-04-14,Emergency,Expired,PROV035
750,327,2026-05-25,2026-06-04,Emergency,Skilled Nursing Facility,PROV032
985,444,2024-11-01,2024-11-02,Elective,Transferred,PROV023
1101,490,2025-04-26,2025-04-28,Newborn,Rehab,PROV011
433,186,2025-10-21,2025-10-29,Elective,Transferred,PROV023
744,325,2026-07-01,2026-07-11,Elective,Home,PROV036
867,395,2026-01-21,2026-02-02,Urgent,Expired,PROV016
793,350,2025-09-10,2025-09-22,Newborn,Home,PROV005
248,110,2025-03-26,2025-03-26,Newborn,Rehab,PROV004
1070,479,2025-06-30,2025-07-07,Emergency,Expired,PROV003
607,259,2026-06-05,2026-06-16,Newborn,Expired,PROV037
553,233,2026-01-29,2026-02-03,Emergency,Transferred,PROV004
805,356,2025-01-14,,Newborn,,PROV027
24,11,2026-01-02,2026-01-05,Elective,Rehab,PROV026
164,74,2025-07-29,2025-08-04,Newborn,Expired,PROV010
651,289,2025-07-28,2025-07-31,Emergency,Skilled Nursing Facility,PROV034
776,344,2026-06-19,2026-06-19,Emergency,Home,PROV022
1013,454,2025-01-30,,Newborn,,PROV003
534,223,2026-07-16,2026-07-18,Emergency,Skilled Nursing Facility,PROV013
320,138,2025-01-02,2025-01-03,Emergency,Transferred,PROV009
566,240,2026-03-12,2026-03-14,Emergency,Transferred,PROV017
524,218,2025-01-20,2025-02-03,Newborn,Home,PROV027
96,43,2025-07-02,2025-07-12,Elective,Transferred,PROV012
219,97,2026-07-30,,Elective,,PROV022
291,124,2025-04-02,2025-04-09,Elective,Transferred,PROV033
554,235,2025-04-13,2025-04-21,Urgent,Transferred,PROV004
1002,450,2024-12-29,2025-01-07,Elective,Rehab,PROV011
130,57,2026-06-22,2026-07-06,Newborn,Home,PROV002
758,330,2026-02-28,2026-03-10,Urgent,Rehab,PROV027
737,322,2026-08-24,2026-08-24,Emergency,Skilled Nursing Facility,PROV007
743,325,2025-11-21,2025-12-02,Elective,Transferred,PROV025
400,173,2026-05-24,2026-06-02,Emergency,Rehab,PROV023
1111,496,2025-06-10,2025-06-19,Elective,Skilled Nursing Facility,PROV026
551,232,2026-05-13,2026-05-17,Urgent,Expired,PROV012
884,400,2025-07-16,,Elective,,PROV033
1067,479,2025-10-07,2025-10-09,Urgent,Transferred,PROV027
309,135,2024-10-16,2024-10-29,Newborn,Expired,PROV021
203,89,2024-12-17,2024-12-28,Elective,Home,PROV033
795,350,2026-08-11,2026-08-15,Elective,Transferred,PROV033
415,179,2025-03-10,2025-03-19,Urgent,Rehab,PROV037
665,292,2025-06-06,2025-06-20,Elective,Transferred,PROV025
980,438,2024-11-24,2024-11-25,Elective,Transferred,PROV017
832,369,2025-09-17,2025-09-30,Emergency,Rehab,PROV031
354,149,2024-12-15,2024-12-24,Newborn,Transferred,PROV002
715,314,2026-07-12,2026-07-22,Newborn,Home,PROV025
1055,474,2025-11-09,2025-11-21,Newborn,Expired,PROV004
668,293,2024-12-20,2025-01-01,Elective,Expired,PROV035
634,279,2026-07-20,2026-08-02,Emergency,Expired,PROV039
808,359,2024-09-26,2024-09-28,Urgent,Skilled Nursing Facility,PROV025
640,283,2025-09-14,2025-09-23,Elective,Expired,PROV037
558,238,2025-11-24,2025-11-26,Newborn,Transferred,PROV031
967,433,2025-03-05,2025-03-10,Newborn,Rehab,PROV004
660,291,2025-10-22,2025-10-22,Elective,Skilled Nursing Facility,PROV033
457,195,2025-11-02,2025-11-04,Emergency,Transferred,PROV005
414,179,05/10/2025,2025-05-23,Urgent,Expired,PROV018
946,426,2024-12-30,2025-01-04,Urgent,Skilled Nursing Facility,PROV008
151,69,2025-01-10,2025-01-11,Urgent,Rehab,PROV002
982,440,2024-10-07,2024-10-15,Newborn,Transferred,PROV010
541,228,2026-07-11,2026-07-25,Emergency,Skilled Nursing Facility,PROV017
287,123,2026-08-21,2026-09-01,Emergency,Rehab,PROV022
847,381,2026-06-29,2026-07-10,Urgent,Transferred,PROV006
9,5,2026-04-17,2026-04-28,Elective,Expired,PROV016
353,149,07/23/2026,2026-07-24,Newborn,Rehab,PROV004
322,138,09/18/2026,2026-09-24,Elective,Expired,PROV005
761,332,2025-09-24,2025-10-03,Urgent,Skilled Nursing Facility,PROV039
932,418,2025-08-26,2025-08-27,Newborn,Rehab,PROV008
312,135,2024-11-16,2024-11-21,Emergency,Rehab,PROV024
567,240,08/25/2026,2026-09-06,Emergency,Home,PROV002
718,315,2026-08-22,2026-08-27,Newborn,Rehab,PROV029
698,311,2025-11-14,,Emergency,,PROV031
891,405,2025-08-04,2025-08-04,Emergency,Rehab,PROV040
430,185,2025-11-08,,Emergency,,PROV028
303,130,2026-03-25,2026-04-06,Emergency,Home,PROV037
533,222,01/27/2026,2026-02-09,Elective,Home,PROV020
883,400,2025-03-20,2025-03-28,Elective,Skilled Nursing Facility,PROV028
990,444,2026-05-21,2026-05-23,Newborn,Rehab,PROV001
731,320,08/14/2025,2025-08-26,Newborn,Rehab,PROV039
1076,481,2025-01-18,2025-02-01,Emergency,Skilled Nursing Facility,PROV017
60,25,2026-06-10,2026-06-12,Emergency,Home,PROV039
589,250,2026-03-05,2026-03-10,Emergency,Expired,PROV015
1003,451,2025-09-24,2025-09-30,Emergency,Rehab,PROV019
657,289,2025-04-26,2025-05-10,Elective,Transferred,PROV011
677,297,2025-08-25,2025-09-06,Newborn,Rehab,PROV020
1031,460,2025-07-10,2025-07-12,Urgent,Transferred,PROV032
778,345,03/23/2025,2025-03-23,Elective,Rehab,PROV033
403,174,2025-05-01,2025-05-09,Newborn,Transferred,PROV012
63,26,2025-09-13,2025-09-23,Elective,Rehab,PROV028
445,192,2026-08-14,2026-08-20,Emergency,Rehab,PROV028
169,78,2025-10-10,2025-10-13,Elective,Rehab,PROV010
791,348,2026-05-11,2026-05-14,Urgent,Expired,PROV031
412,178,2025-01-20,2025-02-02,Emergency,Skilled Nursing Facility,PROV014
323,138,2026-08-08,2026-08-08,Emergency,Home,PROV031
347,144,2024-12-07,2024-12-19,Urgent,Skilled Nursing Facility,PROV024
87,38,2026-07-18,2026-07-22,Urgent,Home,PROV031
72,29,2026-01-23,2026-02-03,Elective,Skilled Nursing Facility,PROV001
530,221,2025-06-15,2025-06-28,Emergency,Skilled Nursing Facility,PROV009
826,369,2026-09-04,2026-09-04,Elective,Home,PROV012
1030,460,2026-08-28,2026-09-04,Newborn,Expired,PROV018
11,7,2026-03-01,2026-03-05,Urgent,Skilled Nursing Facility,PROV032
1039,465,2026-01-22,2026-01-30,Newborn,Rehab,PROV032
150,69,2025-09-13,2025-09-24,Elective,Transferred,PROV031
454,193,2026-02-14,2026-02-14,Elective,Home,PROV031
31,14,2025-11-19,2025-12-01,Elective,Expired,PROV029
965,432,2025-07-13,2025-07-18,Emergency,Expired,PROV014
699,311,2026-03-09,2026-03-14,Urgent,Transferred,PROV012
814,363,2024-12-13,2024-12-21,Emergency,Expired,PROV025
529,221,2026-04-02,2026-04-16,Urgent,Rehab,PROV018
873,398,2025-05-01,2025-05-05,Urgent,Transferred,PROV023
470,200,2026-02-05,2026-02-17,Urgent,Home,PROV006
420,180,2024-11-08,2024-11-19,Urgent,Transferred,PROV032
424,185,2024-10-30,2024-10-30,Newborn,Transferred,PROV001
440,191,2026-02-28,2026-03-10,Emergency,Home,PROV038
822,368,2025-09-17,2025-09-23,Newborn,Rehab,PROV012
948,426,2025-11-10,2025-11-24,Newborn,Home,PROV028
234,108,2025-11-07,2025-11-10,Emergency,Expired,PROV024
807,357,2026-03-10,2026-03-19,Elective,Expired,PROV015
432,186,2024-11-05,2024-11-10,Elective,Skilled Nursing Facility,PROV005
543,229,2024-12-02,2024-12-06,Newborn,Expired,PROV007
920,415,2025-08-13,2025-08-19,Emergency,Rehab,PROV035
772,339,2026-01-26,2026-01-26,Urgent,Home,PROV018
156,71,2025-12-02,2025-12-13,Urgent,Expired,PROV033
939,422,2026-06-03,2026-06-14,Newborn,Expired,PROV006
681,300,2025-05-23,2025-05-30,Emergency,Rehab,PROV015
645,285,2026-07-30,2026-08-03,Emergency,Home,PROV033
370,156,2026-06-11,2026-06-12,Elective,Transferred,PROV021
1047,473,2026-01-01,2026-01-03,Newborn,Skilled Nursing Facility,PROV032
773,339,2026-01-15,2026-01-29,Elective,Home,PROV003
733,320,2026-09-22,2026-09-28,Newborn,Transferred,PROV015
382,162,2026-04-30,2026-05-13,Elective,Expired,PROV035
273,117,2025-03-05,2025-03-07,Urgent,Transferred,PROV009
88,38,03/21/2025,2025-03-21,Urgent,Skilled Nursing Facility,PROV005
176,80,2026-01-22,2026-02-04,Newborn,Transferred,PROV005
518,216,2025-04-15,2025-04-23,Newborn,Expired,PROV031
294,125,2025-06-11,2025-06-16,Urgent,Expired,PROV031
350,148,2026-04-10,2026-04-17,Elective,Skilled Nursing Facility,PROV035
486,205,2025-10-19,2025-10-27,Elective,Skilled Nursing Facility,PROV007
829,369,2025-09-11,2025-09-17,Urgent,Expired,PROV039
1073,480,06/27/2026,2026-07-10,Newborn,Rehab,PROV020
252,111,2025-12-06,2025-12-15,Urgent,Rehab,PROV029
7,4,2025-03-14,2025-03-25,Urgent,Home,PROV015
942,424,2025-01-28,2025-01-29,Newborn,Transferred,PROV012
1010,454,2025-04-09,2025-04-22,Urgent,Skilled Nursing Facility,PROV020
426,185,2025-09-27,2025-10-10,Urgent,Rehab,PROV006
1057,475,2026-02-17,2026-02-22,Elective,Transferred,PROV018
1038,464,2026-06-29,2026-07-06,Newborn,Expired,PROV035
869,395,2025-04-23,2025-05-02,Newborn,Skilled Nursing Facility,PROV020
126,56,2026-05-11,2026-05-22,Newborn,Expired,PROV003
142,66,2025-05-24,2025-05-30,Newborn,Expired,PROV003
839,375,2026-08-15,2026-08-15,Urgent,Home,PROV020
343,143,2024-11-03,2024-11-16,Emergency,Skilled Nursing Facility,PROV013
373,158,11/23/2025,2025-11-24,Urgent,Transferred,PROV001
663,292,2026-07-09,2026-07-22,Newborn,Expired,PROV010
158,72,2025-04-14,2025-04-15,Newborn,Expired,PROV024
102,46,2025-04-17,2025-04-24,Newborn,Transferred,PROV029
1049,474,2024-12-25,2024-12-31,Emergency,Expired,PROV007
751,328,2025-12-16,2025-12-28,Emergency,Transferred,PROV023
511,215,2025-05-12,2025-05-20,Urgent,Home,PROV028
519,216,2024-12-20,2024-12-29,Emergency,Transferred,PROV003
781,346,03/15/2025,2025-03-22,Newborn,Rehab,PROV006
453,193,2025-08-13,2025-08-18,Emergency,Skilled Nursing Facility,PROV033
726,319,2026-03-17,2026-03-25,Elective,Expired,PROV039
300,128,2025-03-12,2025-03-21,Emergency,Expired,PROV015
746,325,2025-05-16,2025-05-30,Emergency,Skilled Nursing Facility,PROV028
161,73,2025-08-20,2025-08-20,Urgent,Expired,PROV015
371,158,2026-07-23,2026-07-30,Elective,Home,PROV012
933,419,2025-10-04,2025-10-09,Emergency,Expired,PROV012
1091,486,2026-06-25,2026-07-06,Newborn,Transferred,PROV039
892,406,06/06/2025,2025-06-07,Urgent,Rehab,PROV009
121,54,11/28/2025,2025-12-06,Emergency,Transferred,PROV021
646,286,2025-03-17,2025-03-29,Urgent,Expired,PROV035
172,78,2024-10-28,2024-11-02,Urgent,Home,PROV012
108,46,2026-01-08,2026-01-12,Emergency,Expired,PROV009
520,217,2026-08-14,2026-08-15,Elective,Skilled Nursing Facility,PROV013
1066,479,2026-06-22,2026-06-27,Elective,Transferred,PROV014
1017,458,2026-04-02,2026-04-03,Emergency,Expired,PROV014
844,377,2026-08-15,2026-08-29,Urgent,Expired,PROV021
1094,487,2025-04-18,2025-04-26,Newborn,Rehab,PROV009
1109,496,2026-02-22,2026-02-27,Elective,Skilled Nursing Facility,PROV004
879,399,2025-11-15,2025-11-28,Elective,Rehab,PROV009
983,441,2026-04-26,,Urgent,,PROV019
625,272,2025-04-02,2025-04-04,Emergency,Home,PROV014
626,272,2025-04-17,2025-04-27,Newborn,Home,PROV014
801,353,2025-07-17,2025-07-25,Elective,Transferred,PROV016
109,48,2026-01-28,2026-02-07,Emergency,Expired,PROV019
114,51,2025-01-26,2025-02-04,Emergency,Skilled Nursing Facility,PROV014
774,340,2025-06-09,2025-06-11,Elective,Skilled Nursing Facility,PROV017
862,392,2025-04-25,2025-04-27,Urgent,Transferred,PROV032
1119,498,2025-06-24,2025-07-08,Elective,Rehab,PROV016
469,200,2026-02-25,2026-02-27,Emergency,Expired,PROV023
1084,484,2026-06-11,2026-06-14,Emergency,Transferred,PROV040
449,193,2025-12-27,2026-01-04,Elective,Rehab,PROV009
969,433,2025-06-02,2025-06-12,Newborn,Expired,PROV024
949,427,2024-10-12,2024-10-19,Newborn,Skilled Nursing Facility,PROV023
52,21,2024-12-03,2024-12-03,Elective,Transferred,PROV009
724,317,2025-06-02,2025-06-05,Elective,Skilled Nursing Facility,PROV034
107,46,2024-11-16,2024-11-27,Urgent,Home,PROV013
686,303,2025-07-18,2025-07-23,Elective,Expired,PROV001
619,266,2025-08-07,2025-08-15,Urgent,Expired,PROV015
528,219,2025-03-04,2025-03-13,Emergency,Transferred,PROV022
895,406,2025-08-10,2025-08-14,Elective,Expired,PROV003
707,312,2025-08-22,2025-08-29,Elective,Home,PROV018
874,398,2025-03-23,2025-03-24,Newborn,Skilled Nursing Facility,PROV019
155,71,2026-04-23,2026-04-23,Emergency,Rehab,PROV021
918,414,2026-08-15,2026-08-21,Emergency,Expired,PROV015
274,117,2026-09-13,2026-09-25,Urgent,Skilled Nursing Facility,PROV030
571,241,2026-07-02,2026-07-03,Newborn,Skilled Nursing Facility,PROV039
899,407,2025-08-14,2025-08-21,Elective,Transferred,PROV025
789,348,2026-01-09,2026-01-23,Urgent,Home,PROV022
48,19,2025-03-08,2025-03-12,Urgent,Skilled Nursing Facility,PROV017
788,348,09/26/2025,2025-10-08,Emergency,Skilled Nursing Facility,PROV040
364,152,2025-09-16,2025-09-19,Newborn,Home,PROV020
804,354,2025-03-30,2025-04-13,Elective,Expired,PROV011
349,147,2025-07-31,2025-08-06,Urgent,Rehab,PROV032
1043,467,2026-05-15,2026-05-15,Urgent,Expired,PROV006
499,209,2026-07-01,,Newborn,,PROV037
368,156,2024-11-19,2024-11-26,Newborn,Transferred,PROV012
576,243,2025-08-21,2025-08-28,Newborn,Home,PROV007
124,56,2025-05-31,2025-06-09,Emergency,Transferred,PROV023
233,107,2026-09-08,2026-09-17,Elective,Skilled Nursing Facility,PROV019
633,279,2024-10-22,2024-11-01,Urgent,Home,PROV036
117,52,2025-04-19,2025-04-30,Emergency,Skilled Nursing Facility,PROV017
441,192,07/23/2026,2026-07-26,Newborn,Expired,PROV019
346,144,2026-02-05,2026-02-09,Newborn,Transferred,PROV007
1075,481,2026-03-25,2026-04-06,Newborn,Transferred,PROV027
66,26,2026-09-08,2026-09-10,Newborn,Skilled Nursing Facility,PROV040
358,150,11/12/2025,2025-11-16,Newborn,Transferred,PROV037
325,139,2025-12-13,2025-12-20,Newborn,Home,PROV035
732,320,2026-02-20,2026-02-23,Elective,Transferred,PROV036
535,223,2025-04-15,2025-04-29,Elective,Home,PROV030
735,321,2026-03-02,2026-03-14,Emergency,Skilled Nursing Facility,PROV009
38,15,07/29/2026,2026-07-29,Newborn,Expired,PROV034
97,43,2025-01-26,2025-02-06,Newborn,Transferred,PROV028
1120,499,06/03/2026,2026-06-12,Emergency,Expired,PROV007
481,203,2025-12-03,2025-12-03,Urgent,Transferred,PROV027
622,269,2026-07-25,2026-07-26,Elective,Home,PROV021
1012,454,2025-07-05,2025-07-09,Emergency,Transferred,PROV008
1089,485,2025-09-18,2025-09-20,Urgent,Rehab,PROV016
207,91,2025-09-09,2025-09-16,Urgent,Rehab,PROV038
1008,451,2025-09-18,2025-10-02,Elective,Expired,PROV015
321,138,2026-04-06,2026-04-14,Newborn,Rehab,PROV002
409,175,2026-02-18,2026-02-22,Newborn,Expired,PROV032
355,149,2025-04-03,2025-04-03,Emergency,Expired,PROV018
265,114,2025-09-26,2025-09-28,Elective,Rehab,PROV034
989,444,2024-11-14,2024-11-17,Emergency,Rehab,PROV026
1113,497,2025-10-10,2025-10-17,Urgent,Expired,PROV009
579,245,2025-05-19,2025-06-02,Emergency,Rehab,PROV022
425,185,2025-12-19,2025-12-25,Elective,Rehab,PROV011
332,141,2025-02-16,2025-02-22,Emergency,Skilled Nursing Facility,PROV033
968,433,2025-09-10,2025-09-11,Emergency,Transferred,PROV035
738,322,2025-02-04,2025-02-08,Emergency,Skilled Nursing Facility,PROV006
854,391,2026-07-23,2026-07-28,Urgent,Expired,PROV016
800,353,2026-03-16,2026-03-19,Elective,Home,PROV025
601,255,2025-01-20,,Newborn,,PROV038
269,117,2025-11-05,2025-11-09,Newborn,Expired,PROV002
960,429,2026-07-27,2026-08-07,Emergency,Transferred,PROV030
695,309,2025-10-30,2025-11-04,Elective,Skilled Nursing Facility,PROV032
450,193,2024-10-22,2024-11-02,Emergency,Home,PROV022
1040,465,2025-03-29,2025-04-07,Urgent,Rehab,PROV021
476,201,2026-09-18,2026-10-01,Emergency,Expired,PROV038
898,406,06/30/2026,2026-07-11,Urgent,Home,PROV004
705,312,2025-02-22,2025-03-01,Elective,Transferred,PROV028
962,430,2025-02-10,2025-02-16,Emergency,Rehab,PROV028
394,168,2025-01-27,2025-01-31,Emergency,Rehab,PROV007
590,251,04/03/2025,2025-04-09,Newborn,Expired,PROV029
331,141,2025-08-04,2025-08-04,Emergency,Skilled Nursing Facility,PROV003
43,16,2026-03-18,2026-03-25,Emergency,Home,PROV030
894,406,2025-09-18,2025-09-20,Newborn,Rehab,PROV012
919,415,2026-07-03,2026-07-04,Urgent,Rehab,PROV020
711,314,06/05/2025,2025-06-12,Urgent,Rehab,PROV024
1014,457,2026-01-05,2026-01-05,Emergency,Home,PROV039
240,109,2024-10-07,2024-10-10,Emergency,Rehab,PROV020
970,433,2025-06-11,2025-06-23,Emergency,Skilled Nursing Facility,PROV030
855,391,2025-09-25,2025-09-27,Urgent,Expired,PROV029
549,231,2024-09-24,2024-10-05,Urgent,Skilled Nursing Facility,PROV035
131,58,2024-10-16,2024-10-27,Newborn,Home,PROV015
647,286,2025-03-14,2025-03-21,Newborn,Skilled Nursing Facility,PROV038
1108,493,2026-01-09,2026-01-10,Newborn,Transferred,PROV018
39,15,2024-09-27,2024-09-29,Elective,Home,PROV039
125,56,2026-07-08,2026-07-14,Elective,Rehab,PROV027
475,201,2026-04-28,2026-04-28,Elective,Skilled Nursing Facility,PROV013
1000,448,2025-01-18,2025-01-19,Newborn,Expired,PROV028
1052,474,2026-05-22,2026-05-28,Newborn,Transferred,PROV017
996,446,2025-02-23,2025-02-26,Newborn,Home,PROV020
819,368,2026-06-08,2026-06-18,Newborn,Expired,PROV040
999,448,2026-01-17,2026-01-31,Emergency,Rehab,PROV032
76,33,2025-06-29,2025-07-06,Urgent,Expired,PROV032
596,253,2026-08-09,2026-08-09,Urgent,Expired,PROV034
1016,458,2026-04-25,2026-05-04,Elective,Expired,PROV037
852,391,2025-01-23,2025-01-26,Newborn,Home,PROV018
885,400,2026-03-15,2026-03-19,Urgent,Home,PROV003
211,92,2026-04-03,2026-04-13,Elective,Home,PROV029
17,9,2025-08-15,2025-08-27,Newborn,Skilled Nursing Facility,PROV030
684,302,2025-10-24,2025-10-24,Elective,Expired,PROV011
105,46,2026-03-06,2026-03-11,Urgent,Rehab,PROV015
803,354,2025-07-29,2025-08-07,Elective,Rehab,PROV034
604,257,2025-03-24,2025-03-29,Elective,Skilled Nursing Facility,PROV027
413,178,2025-02-16,2025-02-28,Newborn,Skilled Nursing Facility,PROV040
497,209,2025-01-22,2025-01-24,Urgent,Skilled Nursing Facility,PROV038
921,415,11/14/2025,2025-11-27,Newborn,Rehab,PROV013
41,16,2026-06-09,2026-06-09,Urgent,Rehab,PROV014
966,433,2025-06-03,2025-06-06,Elective,Skilled Nursing Facility,PROV021
994,445,2024-10-16,2024-10-20,Urgent,Home,PROV038
912,410,2024-09-26,2024-10-08,Newborn,Transferred,PROV022
313,135,2025-10-26,2025-11-06,Newborn,Rehab,PROV011
341,142,07/24/2026,2026-08-04,Newborn,Expired,PROV039
532,222,2026-03-09,2026-03-12,Newborn,Transferred,PROV034
45,17,06/13/2025,2025-06-27,Elective,Rehab,PROV019
865,393,2025-10-31,2025-11-08,Newborn,Transferred,PROV038
971,433,2026-05-06,2026-05-07,Urgent,Home,PROV007
304,132,2026-01-25,2026-01-31,Emergency,Transferred,PROV032
950,427,2026-08-27,2026-08-31,Emergency,Rehab,PROV009
617,266,2026-05-22,2026-05-22,Elective,Home,PROV010
177,80,2025-01-24,2025-02-07,Emergency,Skilled Nursing Facility,PROV018
374,158,2024-12-07,2024-12-11,Elective,Expired,PROV034
1104,491,2025-03-30,2025-04-04,Elective,Skilled Nursing Facility,PROV033
893,406,2025-11-17,2025-11-26,Emergency,Home,PROV039
496,209,2025-05-01,2025-05-06,Newborn,Transferred,PROV021
298,127,2025-03-19,2025-03-23,Emergency,Rehab,PROV029
986,444,2025-06-20,2025-06-21,Elective,Expired,PROV034
429,185,2026-07-16,2026-07-19,Elective,Expired,PROV029
55,23,2025-06-27,2025-07-11,Urgent,Transferred,PROV016
386,164,2025-08-03,2025-08-12,Newborn,Expired,PROV003
33,14,2025-03-12,2025-03-24,Emergency,Expired,PROV001
230,106,2025-01-25,2025-02-01,Emergency,Rehab,PROV014
391,167,2025-07-30,2025-08-04,Urgent,Transferred,PROV006
29,12,2026-02-08,2026-02-15,Newborn,Skilled Nursing Facility,PROV007
277,118,2026-04-11,2026-04-23,Newborn,Transferred,PROV020
257,112,2026-06-17,2026-06-24,Emergency,Rehab,PROV023
180,80,2025-08-15,2025-08-28,Elective,Transferred,PROV029
620,268,2026-06-07,2026-06-13,Urgent,Skilled Nursing Facility,PROV014
218,97,2024-12-13,2024-12-23,Emergency,Transferred,PROV033
739,323,2026-01-13,2026-01-16,Newborn,Rehab,PROV030
621,269,2026-02-24,2026-03-01,Newborn,Expired,PROV001
997,447,2026-07-05,2026-07-12,Emergency,Home,PROV010
830,369,2025-01-03,2025-01-12,Newborn,Expired,PROV024
943,426,2026-07-06,2026-07-10,Newborn,Home,PROV007
978,437,2025-04-05,2025-04-07,Elective,Expired,PROV011
352,148,2026-06-05,2026-06-18,Emergency,Home,PROV027
28,12,2026-04-01,2026-04-04,Elective,Expired,PROV037
239,109,2025-10-06,2025-10-16,Newborn,Home,PROV019
809,359,2026-08-16,2026-08-23,Elective,Home,PROV027
12,7,2026-04-20,2026-04-26,Elective,Rehab,PROV009
37,15,2026-06-12,2026-06-14,Emergency,Expired,PROV035
