patient_id,first_name,last_name,date_of_birth,gender,address,city,state,zip_code,insurance_provider
1,Danielle,Johnson,1968-02-27,M,21819 Johnson Course,East William,AK,74064,Aetna
2,James,Santos,2004-11-22,F,79402 Peterson Drives Apt. 511,Davisstad,PA,35172,UnitedHealth
3,Lindsay,Blair,2003-09-16,M,1849 Ray Squares,North Donnaport,CO,31013,UnitedHealth
4,Michelle,James,1992-06-08,M,55341 Amanda Gardens Apt. 764,Lake Mark,WI,07832,Medicaid
5,Jeremy,Johnson,1973-08-29,M,1395 Diana Locks Suite 242,Lake Anna,KS,98413,Medicare
6,Brenda,Hurst,1985-01-31,F,28710 Eric Estate Suite 916,Carlsonmouth,NC,33454,Aetna
7,Tasha,Valencia,1932-04-15,M,845 Kelly Estate,Smithview,NY,23917,Aetna
8,William,Rodriguez,2015-10-30,M,893 Nathaniel Estates Apt. 957,North Sarahport,IA,08093,UnitedHealth
9,John,Bradley,1941-06-12,M,718 David Mountains,West Allison,PA,55962,Medicare
10,Tamara,Hickman,2024-08-13,M,465 Lam Mission,East Jeffreymouth,AK,77611,Medicaid
11,Angela,Chapman,1931-09-15,F,031 Michele Cliffs,West Elizabeth,IL,71179,UnitedHealth
12,David,Walls,2008-06-11,F,76311 Gomez Loop Suite 010,Chandlerville,IA,25613,Medicare
13,James,West,1988-02-22,F,7317 Brent Plains,North Sarabury,GA,53770,Aetna
14,Todd,Lewis,1985-04-22,M,60647 Henderson Street,Mooreport,IL,08166,Medicaid
15,Beth,Daniels,1973-05-29,F,97882 Susan Common,North Brooke,TX,31329,Cigna
16,Richard,David,2008-04-04,F,909 Robert Prairie,Sarahborough,TN,94373,UnitedHealth
17,Leon,Baker,1948-07-15,M,5107 Charles Forest Suite 251,West Justin,NV,71701,Cigna
18,Jade,Carr,2019-09-25,M,841 Joseph Coves,West Juan,IL,94559,Aetna
19,Matthew,Watts,1966-08-27,F,0164 Adam Trail Apt. 427,Hoffmanville,CA,91074,Aetna
20,Rebecca,Gardner,1980-12-22,F,2045 Rachel Fords,Lake Curtis,WI,73886,Cigna
21,Nicole,Russell,2015-03-14,F,22602 Patton Loop,West Erik,UT,14669,Aetna
22,Patrick,Williams,1994-10-15,F,75433 Donna Locks,Joshualand,WI,37086,Medicare
23,Michael,Hicks,2023-03-18,M,14294 Daniel Mews Suite 569,South Rachelborough,KS,06318,Blue Cross
24,Jeanne,Smith,2004-01-04,M,6159 Alvarado Crossing,Williamchester,MD,53244,Medicare
25,Heidi,Spencer,1956-11-01,F,629 Sullivan Village Apt. 443,Floydmouth,NH,58406,Medicaid
26,Scott,Lewis,1995-02-16,F,148 Davis Terrace,Lake Lance,AS,26601,Medicare
27,Dylan,Williams,1995-05-24,M,6936 Ross Drive,Port Michelleville,WI,56225,Medicaid
28,Jeffery,Brock,2025-06-09,M,83172 Contreras Points Suite 798,Rivasside,NV,21362,Aetna
29,Julia,Wells,1966-01-01,M,487 Joshua Club,Jimmymouth,MD,71299,Cigna
30,Christopher,Hernandez,1982-11-09,M,316 Rivera Mountain,Brownchester,MS,77057,UnitedHealth
31,Sophia,Smith,2009-01-28,M,0546 Medina Street Apt. 734,Tuckerfurt,MA,88171,Blue Cross
32,Erin,Powell,1953-03-10,F,98069 Christopher Meadow Apt. 720,Nicholasborough,NH,43341,Blue Cross
33,Matthew,Hobbs,1968-08-06,F,1708 Zoe Keys Apt. 100,East Mary,RI,20474,UnitedHealth
34,John,Wells,1946-04-18,F,4529 Kimberly Estates,Danieltown,ME,75971,Cigna
35,Erica,Rubio,1984-09-16,M,93149 Laura Port,West Amandastad,CA,66818,Medicaid
36,Deborah,Smith,1987-11-24,F,65726 Jessica Run Suite 987,Grahamshire,KY,42746,Medicaid
37,Melissa,Rivas,1942-07-10,M,3799 Rogers Park Suite 273,Laurenmouth,KY,78640,Medicare
38,Jacqueline,Hill,1932-02-09,M,36783 Brewer Overpass,Mcguireland,LA,29546,Medicare
39,Richard,Sanchez,2021-02-02,M,8856 Bell Motorway Suite 443,Lake Jamesville,WA,70737,UnitedHealth
40,Stephanie,Vaughn,1956-10-17,F,749 Hooper Village,West Jeremy,HI,40119,Blue Cross
41,Alexis,Ferguson,1968-01-23,F,84271 Audrey Mountains,Alexanderburgh,AR,33593,Medicaid
42,Shelley,Woods,1939-08-15,M,1902 Lisa Hollow Apt. 318,Obrienbury,WI,68995,Medicaid
43,Omar,Kerr,1971-03-13,F,9909 Stacey Fords Apt. 412,East Andrea,GA,00851,Aetna
44,Ricky,Norris,1994-09-06,M,34471 Sandra Turnpike Apt. 618,Lake Edward,KY,19144,Aetna
45,Charles,Martin,1972-08-04,F,1746 Mason Park Suite 190,Navarroview,AK,12471,Blue Cross
46,Jeremy,Craig,2009-01-04,F,490 Thomas Run,Moonburgh,OR,57633,Aetna
47,Cynthia,Vasquez,1943-02-22,M,6551 Mark Square Suite 468,South Christopherview,MD,15695,Medicare
48,Tara,Powell,2000-10-05,F,876 Jacob Lake,Garrettton,IL,35504,UnitedHealth
49,Andrea,Pennington,1990-05-09,F,09324 Andrea Course Apt. 171,South Sarah,LA,67199,Blue Cross
50,Janice,Perry,1996-05-24,F,78263 Michelle Harbor Suite 584,West Jessicashire,OR,87000,UnitedHealth
51,Tracy,Hernandez,2004-01-10,F,5886 Cantu Ways Apt. 396,Port Kimberly,AZ,42205,UnitedHealth
52,Julie,Thornton,1982-08-12,M,270 Wayne Ramp Suite 171,Smithberg,MT,86324,Medicaid
53,Tara,Jones,1966-10-18,F,615 Finley Road Suite 809,East Crystalport,IN,98381,Medicaid
54,Christopher,Good,2016-12-23,F,2400 Flynn Hill,Nicholasberg,IA,70122,Medicare
55,Robert,Maldonado,1955-03-26,F,19693 Durham Divide,South Dana,NH,33967,Cigna
56,Elizabeth,Nolan,1994-01-17,M,821 Landry Radial Suite 647,Jamesfurt,PR,63836,UnitedHealth
57,Daniel,James,1979-07-31,F,406 Smith Way Apt. 974,New Laurie,IN,83943,Aetna
58,James,King,2020-06-10,M,104 Johnson Lakes,North Renee,MD,98474,Aetna
59,Robert,Gonzalez,2004-02-21,M,842 Sloan Orchard Suite 517,East Karenbury,VI,89148,Medicaid
60,Jennifer,Whitney,2006-07-30,M,60481 Richardson Summit Suite 965,Lake Jesustown,RI,74085,Medicaid
61,Mark,Bishop,2018-11-14,F,746 Donald Camp,Wendyville,CT,31276,Medicare
62,Paige,Taylor,1992-06-19,M,869 Nicole Shoal Apt. 796,Antoniostad,IL,58616,Blue Cross
63,Sean,Young,1980-02-02,F,585 Raymond Field,Port Madisonland,TN,28302,Medicare
64,Darlene,Harper,1933-08-19,F,3293 Maria Plaza,New Jason,VI,31040,Medicare
65,Mark,Hernandez,2011-11-03,F,2284 Daniel Way,East Alexisbury,OR,42938,Medicare
66,Alfred,Baker,1947-12-24,M,117 Strickland Passage Apt. 783,Lake Kristahaven,ME,60537,Medicaid
67,Dawn,Johnson,1995-12-01,M,1771 Marc Drive Apt. 249,Oscarhaven,LA,59970,Medicaid
68,William,Jordan,2026-03-28,F,836 Beasley Loop,Mariafurt,MT,96132,Medicaid
69,Cody,Simmons,2021-03-31,F,2711 Christopher Court Suite 280,Elizabethchester,MI,87708,Aetna
70,Shelley,Henderson,1937-09-23,F,451 Eric Orchard Apt. 158,Dannyview,OK,30144,Blue Cross
71,Lindsay,Bruce,2015-05-06,M,402 Park Inlet,Michaelburgh,VI,19277,Blue Cross
72,Ashley,Morales,1950-01-13,M,83667 Moore Inlet,Kimberlyshire,PA,11636,Medicaid
73,Nicole,Moore,2014-10-24,F,147 Tucker Mills,Nelsonhaven,DE,45743,Medicare
74,Russell,Campbell,2023-01-25,M,403 Joyce Centers Apt. 343,Port Jonathan,MD,16227,Medicare
75,Adrian,Burgess,1954-08-21,M,8388 Jones Wall,South Andrewland,VI,41534,Medicaid
76,Barbara,Berry,2017-11-06,F,1605 Laurie River Suite 516,East Ryanfurt,NC,10809,Medicaid
77,Randy,Collins,1976-12-07,M,2181 Rebecca Keys,Jessicaberg,IA,13975,UnitedHealth
78,Dwayne,Gonzalez,2012-09-17,F,127 Webster Trace,Maldonadoshire,SD,83770,UnitedHealth
79,Valerie,Morris,2016-02-03,M,71774 Vargas Knoll Apt. 477,North Miguelport,CA,84998,Medicare
80,Michelle,Wyatt,2014-06-06,F,9807 Marc Mountains Apt. 071,Toniland,NY,85190,Blue Cross
81,Gerald,Wright,1990-04-22,M,892 Watson Haven Suite 659,Port Crystalmouth,CA,43714,Aetna
82,Cody,Gregory,1969-05-26,F,925 Brandi Divide Suite 462,West Angelicamouth,GU,17251,Cigna
83,Elizabeth,Calderon,2024-01-05,M,685 Michael Falls,West Stacey,NM,25667,Aetna
84,Jeremy,Taylor,1941-03-24,M,88805 Carla Drives Apt. 292,Williamsstad,TX,94818,Medicare
85,John,Wallace,1969-07-03,M,83473 Gregory Ports Suite 746,Burchborough,AS,79755,Aetna
86,Devon,Wright,2017-12-28,F,8181 Miller Estates Suite 782,Davisbury,GU,59631,Aetna
87,Nicole,Arias,1987-03-12,M,8536 Nicholas Burgs,Sarahmouth,WY,19643,UnitedHealth
88,Devin,Mitchell,1995-01-10,F,779 Rebecca Brook,Jasonberg,OH,95821,Medicare
89,Chelsea,Henderson,1969-12-08,M,1036 Brown Villages,Carlsontown,SC,68052,Cigna
90,Bailey,Higgins,1970-05-15,F,95396 Elizabeth Corner Suite 188,South Morganton,SC,51210,UnitedHealth
91,Tina,King,1932-12-08,M,53195 Bradley Plains Suite 277,Port Dennis,VT,60489,Medicaid
92,Benjamin,Harris,1957-11-15,F,4868 King Terrace,West Michael,WI,06766,Blue Cross
93,Michelle,Rivera,1947-09-01,F,6765 Tyler Parks Suite 841,Millerburgh,ND,39005,Blue Cross
94,Manuel,Miller,2020-09-04,F,7962 Bell Canyon Suite 964,North Emilyfurt,MN,67752,Aetna
95,Laurie,Shelton,1934-12-19,M,702 Joel Rue,Michaelshire,AZ,79811,UnitedHealth
96,Eric,Cole,1981-03-19,M,1928 Sanders Run Suite 310,South April,PW,74120,Cigna
97,David,Hampton,2026-07-18,M,94731 Melissa Mission Apt. 715,Jennaside,ND,38559,Medicare
98,Patricia,York,2026-01-10,M,8313 Joel Park,West Angelastad,NH,72806,Medicare
99,David,Henson,1939-09-04,M,7866 David Island Apt. 778,Davidside,SC,77543,Aetna
100,Hunter,Burch,1989-08-09,M,82422 Donovan Fork,Staceyhaven,MH,37731,Medicaid
101,Meghan,King,2017-02-26,M,49818 Brittany Prairie Apt. 299,Meganshire,AZ,04219,UnitedHealth
102,Christopher,Fry,2009-03-23,M,396 Tyler Road Suite 473,Evansland,UT,08353,Aetna
103,Eric,Perry,1993-12-08,F,9255 Hester Curve,Zacharyville,MD,32186,Aetna
104,Steven,Adams,1964-06-20,M,04696 Sydney Estate,Sarahmouth,ID,21386,Cigna
105,Tyrone,Robertson,1998-08-10,F,0168 Levy Forge Suite 004,Harperfort,LA,70846,UnitedHealth
106,Alan,Rodriguez,1948-12-14,M,565 Richard Port Apt. 584,South Williamside,KY,82190,Medicaid
107,Erin,Wilson,1943-11-20,F,5852 Carrie Locks Apt. 002,Lindahaven,NH,20022,UnitedHealth
108,Catherine,Robertson,1975-05-13,F,69495 Erickson Hills Suite 055,South Brandytown,PA,62706,Blue Cross
109,Joseph,Rios,2009-06-16,M,097 Alexandria Stravenue,Hernandezbury,AZ,75548,Aetna
110,Stacy,Rodriguez,1933-04-21,M,6263 Shaw Ridge Suite 028,New Mark,TN,63202,Medicaid
111,Alicia,Edwards,1954-04-18,F,585 Bishop Fields Apt. 484,West Kellie,VT,27669,Cigna
112,Hannah,Burns,1996-01-11,F,441 Huang Locks Suite 240,Stephanieland,MI,58484,Blue Cross
113,Diana,Burgess,1959-11-07,F,484 Daniel Streets,East Brent,MH,70105,Medicaid
114,Jeremiah,Hall,1944-05-12,M,7120 Richard Wells Suite 734,Justinton,PW,12226,Medicaid
115,Denise,Hall,1935-10-21,M,2067 Sharon Well,Nancytown,ME,74944,Aetna
116,Carrie,Hebert,1976-04-29,F,8872 Nelson Valleys Apt. 527,Jennifertown,WA,44686,Medicaid
117,Krystal,Bradley,1957-01-06,F,668 Miller Skyway,East Tinafort,MD,33013,Aetna
118,Adam,Reyes,1991-07-12,M,4990 Valdez Square Apt. 017,Erikhaven,MH,92717,UnitedHealth
119,Kayla,Vaughn,2017-08-27,M,9332 Hernandez Summit Suite 687,Port John,WV,78595,Medicare
120,Morgan,Miller,1991-07-12,F,91088 Ashley Drive Apt. 587,Lake Jamieshire,NM,12420,UnitedHealth
121,Rachel,Griffin,1938-04-19,F,86790 Chambers Inlet Apt. 640,New Charles,NE,45659,UnitedHealth
122,Isabella,Weaver,1938-12-05,F,0462 Katie Stream,Brooksfurt,NV,49980,Blue Cross
123,Nicholas,Vega,2020-10-17,M,512 Rice Stream,Port Adam,AK,39608,Aetna
124,Steven,Ball,1988-06-13,F,37524 Sharon Stream Apt. 069,East Jamieville,PA,04901,Medicare
125,Sean,Powers,1937-05-08,M,067 Amber Throughway,East Williamport,IN,96382,Aetna
126,Barbara,Ray,2022-04-04,M,42836 Hill Point Apt. 687,West Shellyfurt,WY,69243,Aetna
127,Lucas,Butler,1951-01-13,M,2873 Kevin Station Apt. 708,Faulknerside,NC,18076,UnitedHealth
128,Paul,Scott,1975-09-04,F,5183 Joseph Spring,Port Charlesshire,VA,88509,Blue Cross
129,Angelica,Mendoza,1976-01-16,F,33173 Randy Garden Suite 467,Kylestad,NY,65680,UnitedHealth
130,Steven,Lang,1994-08-16,F,55609 Joyce Brook Suite 899,Phillipsborough,MA,30650,Aetna
131,Noah,Whitaker,1998-09-06,M,7772 Jackson Stravenue Suite 280,Port Melanieton,WV,01337,Blue Cross
132,Robert,Kirby,1962-03-23,M,203 Brooks River,Hopkinstown,AL,70259,Blue Cross
133,Andrea,Smith,2002-10-12,F,408 Drake Fall Apt. 182,East Christine,KS,46958,Blue Cross
134,Joseph,Sanders,1981-07-01,F,9334 Desiree Walks Apt. 166,Tranton,SC,01739,Blue Cross
135,Jacqueline,Miller,1989-10-12,F,180 Jason Ways Suite 401,Rachelshire,TN,04813,UnitedHealth
136,Harry,Jefferson,1932-11-09,M,261 Martin Garden,Rhodesside,MA,50812,Cigna
137,Karla,Taylor,2024-07-16,M,501 Hall Club,Cassiefurt,WI,43279,Aetna
138,Anthony,Nelson,1992-01-17,M,58662 Miller River Suite 311,Ericberg,WA,51569,Medicaid
139,Levi,Rodriguez,1931-06-08,F,5412 Jacob Mission Suite 101,Angelamouth,VI,50994,Aetna
140,Alexander,Gutierrez,1942-04-03,M,826 Dominic Hollow,Trevorland,GA,57474,Medicare
141,Joshua,Evans,1941-03-12,F,3799 Stephen Dale Suite 065,Brockmouth,NV,44375,Medicare
142,Ryan,Colon,2019-05-02,M,5937 Thompson Locks,Kellyfort,OK,32276,Aetna
143,Mark,Ramirez,1984-03-15,M,93982 Stephanie Mountain Apt. 741,Chambersberg,SC,40193,UnitedHealth
144,John,Hopkins,1988-04-24,M,79796 Stephens Turnpike Suite 891,Port Johnstad,GA,85304,Medicare
145,Cheyenne,Hart,2018-07-07,M,6101 Walker Summit Apt. 756,Bartonshire,UT,66098,Medicaid
146,Edward,Cuevas,1996-06-06,M,6112 Collins Motorway,New Timothy,NJ,13296,Blue Cross
147,Samuel,Horton,1974-02-17,M,0105 Erica Expressway,New Greg,GA,43884,Medicare
148,Anita,Mullen,1962-04-13,M,226 Johnson Ridges Apt. 796,Smithborough,IL,36984,Medicare
149,Karen,Stokes,1939-03-30,M,255 Stephen Greens,Rosemouth,PA,51440,Medicare
150,Cheryl,Matthews,1978-01-29,M,9249 Emily Island Apt. 341,West Heather,NY,51417,Blue Cross
151,Robert,Taylor,1982-12-13,F,78282 Roberts Ferry Suite 790,Stephaniefort,DC,26076,Cigna
152,Lisa,Maynard,1999-07-08,M,7677 Christopher Burgs Apt. 404,New Keith,WI,60443,Medicaid
153,Ariel,Barton,1998-02-20,F,148 Weaver Throughway,Port Jenniferside,IL,56226,UnitedHealth
154,Curtis,Greer,1964-05-31,F,74517 Kimberly Freeway Apt. 959,Martinberg,WY,27583,Blue Cross
155,Lisa,Trujillo,2008-04-24,M,498 Mario Squares Suite 494,East Sydneychester,PW,08271,Medicaid
156,Victoria,Camacho,1947-12-30,F,25367 Barbara Grove,Brooksland,SC,12703,Blue Cross
157,Richard,Brady,2025-04-10,F,7590 Jessica Mount Suite 186,South Mallory,NM,35698,Aetna
158,Marcus,Campbell,2005-03-19,M,750 Cory Tunnel,Smithburgh,NV,60337,Blue Cross
159,Aaron,Rubio,1958-04-06,M,424 Diamond Glen,West Elizabethburgh,AR,52450,Aetna
160,Connie,Barber,1962-08-05,M,110 Thomas Curve Apt. 870,Lake Matthewville,VI,55854,Medicare
161,Heather,Woods,1961-11-20,F,11554 Patrick Via Apt. 218,New Debramouth,MI,95191,UnitedHealth
162,Jason,Goodman,1986-10-05,F,11219 Bell Meadow Suite 234,East Angelaport,WI,91003,Aetna
163,Anthony,Boone,1971-10-13,M,983 Phillips Center,South Paul,IA,65982,Cigna
164,Danielle,Jones,1932-05-14,F,2696 Payne Extensions Suite 109,North Joseton,AR,52664,UnitedHealth
165,William,Fuller,1998-12-02,F,6188 Joshua Inlet Apt. 832,Peterland,ME,92077,Medicare
166,Samuel,Ashley,1963-03-16,F,16179 Kyle Streets,North Alexander,DC,92447,Medicare
167,Alexander,Crawford,1977-11-29,M,52410 Roman Groves Apt. 491,Gibsonstad,AR,65985,Medicaid
168,Michele,Jackson,1952-02-19,F,91380 Michele Bridge Apt. 075,Moraburgh,PR,05136,Medicaid
169,Angela,Sloan,2019-12-20,M,53654 Ashley Crest Apt. 238,South Caseymouth,VI,37503,UnitedHealth
170,Kiara,Collins,1942-06-26,F,53494 Steven Ramp Suite 383,North Sarah,AK,31040,Aetna
171,Amber,Fields,2025-02-08,M,0641 Alyssa Freeway,Vasquezton,FL,93778,Medicaid
172,Joshua,Williams,1962-03-25,M,571 William Route Suite 199,South Elaineberg,IA,38731,Cigna
173,Jose,Edwards,1984-03-16,F,7431 Derek Trail Apt. 212,Owenschester,DE,70745,Medicare
174,Michael,Townsend,1992-03-25,M,4112 Mckenzie Square Apt. 352,Lake Johnstad,MO,67801,Medicaid
175,Brandon,Evans,1954-05-23,F,7883 Steven Unions,North Alexander,MP,29636,UnitedHealth
176,David,Colon,1981-05-22,F,941 Wendy Flat,Lambland,MH,43957,Medicare
177,David,Dunlap,1937-08-14,F,667 Patrick Meadow,West Jason,HI,36543,Cigna
178,Joshua,Stephenson,1935-06-11,M,476 Brown Harbors,Taylorborough,SD,69420,Aetna
179,John,Mcknight,2004-09-19,F,5787 Durham Parkway,Paulburgh,AK,42296,Cigna
180,Carla,Johnson,1968-12-17,M,8593 Craig Shoals,West Amanda,WY,97108,Aetna
181,Brian,Davies,1960-08-03,F,2239 Drake Square Suite 905,New Stacy,MP,65018,UnitedHealth
182,Amber,Thompson,1935-11-23,F,39308 Smith Ridges,Port David,VT,23761,UnitedHealth
183,Samantha,Richard,1974-10-07,F,29218 Yu Landing,Willismouth,ME,42785,Medicare
184,Derek,Moore,1990-03-08,F,528 Walker Radial Apt. 644,East Jessica,UT,75583,Medicare
185,Peter,Gamble,2007-12-17,M,95939 Sharon Divide,Juliebury,MI,42380,Aetna
186,Gary,Mcclure,1942-10-20,M,0433 Michael Turnpike Apt. 006,Oconnorburgh,FM,54767,Medicaid
187,Trevor,Gray,2005-01-14,M,79327 Lauren Bypass Suite 054,North Matthewfurt,GA,96443,Medicare
188,Charles,Mcmahon,1943-05-26,M,970 Dunlap Expressway Suite 201,Jamieborough,MT,91883,Cigna
189,Angela,Frost,2004-03-27,M,443 Brandon Ports Suite 205,South Christopherfort,ID,13213,Blue Cross
190,Anthony,Jackson,1970-06-11,M,1467 Jacobson Greens,Lake Amyburgh,MN,50497,Aetna
191,Mike,Griffin,1966-07-24,F,4349 Edward Square Apt. 158,Arellanoshire,IN,73062,Cigna
192,Bruce,Hughes,2001-11-06,M,793 Evans Locks Apt. 898,North Stacy,NV,23160,Cigna
193,Stacy,Jackson,1959-07-26,M,06163 Mary Green,Reneeland,CO,51369,Medicaid
194,Angela,Arnold,1968-04-26,M,99861 Hernandez Port Apt. 191,Mikaylastad,FM,54357,Medicaid
195,Joseph,Pena,2008-07-30,M,24629 Williams Isle Apt. 074,Andrewport,ME,37246,Cigna
196,Megan,Garrison,2023-12-08,F,24754 Jacobs Corners,South Jason,GU,53869,Medicare
197,Joyce,Malone,1981-08-13,M,214 Taylor Vista,East Jamesborough,MP,08054,UnitedHealth
198,John,Bryant,1979-10-10,M,5786 Erin Garden,Tracymouth,HI,62705,UnitedHealth
199,Brenda,Bailey,1952-12-24,F,140 Williams Walk Apt. 333,Denisehaven,AK,89918,Aetna
200,Alan,Buck,2018-11-01,M,034 Marquez Station,Rodneyfurt,PR,46207,Medicaid
201,Stephen,Robinson,1971-11-06,F,108 Hoffman Ranch Suite 417,West Vanessamouth,VI,36792,Blue Cross
202,Jose,Dawson,2019-05-23,M,28309 Guerrero Springs Apt. 074,Rebeccafurt,MS,97065,Cigna
203,Austin,Erickson,2008-07-31,M,3875 Bruce Ville,West Connor,DC,97614,Medicaid
204,Jonathan,Stokes,1955-08-23,M,135 Julie Inlet Suite 554,Stevenville,NJ,07536,Blue Cross
205,Michelle,Silva,2015-03-13,M,3816 Gutierrez Ways,East Victoria,MA,54134,Blue Cross
206,Vanessa,Orozco,1992-12-31,M,2175 Lawrence Centers,South Joshuaburgh,OK,21267,UnitedHealth
207,Tracy,Gallagher,1942-09-16,F,666 Sanford Lights,North Amandastad,AL,42734,Cigna
208,Katherine,Schmidt,1933-03-01,F,335 Anderson Lights,Garyton,ME,38620,UnitedHealth
209,Stephen,Meyer,2002-01-22,M,2575 Frederick Valleys Suite 033,East Jessica,OR,66644,Aetna
210,Gary,Richardson,2019-04-07,M,4890 Ebony Shoal,North Hannahchester,NV,50341,Blue Cross
211,David,King,2026-04-02,F,04618 Dean Squares,South Maria,CT,67555,Cigna
212,Jennifer,Wilson,1946-03-30,M,3934 Michael Lodge,Ethanside,NM,27723,Cigna
213,Haley,Castillo,1962-08-23,F,11972 Kimberly Club,West Dawnmouth,LA,35120,Medicaid
214,Steven,Garcia,1954-07-03,F,5561 Melissa Cape,Port Devonburgh,MA,47362,Medicaid
215,Patricia,Friedman,1967-03-30,F,5216 Rivers Groves,Vaughnfort,AS,55779,Aetna
216,Deborah,Robles,1946-02-11,M,021 Pruitt Orchard,Whitefurt,WI,47503,Cigna
217,Cheryl,Huffman,1948-07-04,M,1670 Jose Island Apt. 899,Lake Morgan,NC,69065,Medicare
218,Haley,Montgomery,1989-08-20,F,5628 Alexander Estate,Christianburgh,CA,98992,Aetna
219,Travis,Allen,1968-08-01,M,386 Montoya Common,Wallaceshire,NV,12037,Medicare
220,Melissa,West,1946-11-18,F,016 Johnson Plaza Apt. 199,Pamelaside,IL,86300,Cigna
221,Emily,Clements,1980-03-05,F,75899 Moran Lakes,Wilsonbury,AL,45243,Blue Cross
222,Michael,Schultz,1970-06-19,M,102 Taylor Stravenue Suite 149,East David,PR,51998,Blue Cross
223,Jason,Summers,1956-08-30,M,60917 Barrett Parkways Apt. 708,New Savannahshire,NJ,67129,Cigna
224,Kimberly,Kent,2024-11-18,M,216 Gordon Lights,Pettybury,KY,52650,Medicaid
225,Tamara,Waller,1992-05-11,F,69848 Joseph Plaza,East Jason,VT,38587,Aetna
226,Glenda,Morse,1948-10-13,M,851 Hart Prairie,Craigside,LA,55864,Cigna
227,Lindsey,Mills,1934-03-02,F,00342 Vega Drive Apt. 438,West Lisaville,RI,89043,Aetna
228,Jodi,Hancock,2018-10-19,F,84066 Frye Spur Suite 800,Jamesmouth,MP,30064,Medicare
229,Rhonda,Bush,2018-11-13,F,893 Kelly Fall Apt. 228,South Billyview,OH,35135,Medicaid
230,David,Silva,1965-06-07,M,7202 Carlson Trail,Tracyshire,OH,47435,Medicaid
231,Charles,Zimmerman,2002-03-26,F,81826 Davis Forges,Lake Martin,MN,38980,Medicare
232,Jeffery,Goodwin,2002-12-05,F,015 Allen Row Apt. 056,South Jonathanport,AK,68247,Medicaid
233,Lynn,Brooks,1999-12-19,F,0435 Stacy Expressway Apt. 133,Houstonborough,ND,92610,Cigna
234,Natalie,Figueroa,1989-12-17,F,207 Johnson Cliffs,East Lauraside,CA,75862,Medicaid
235,Lorraine,Bartlett,1986-03-16,F,6650 Nunez Place Apt. 919,Lake Melaniestad,NY,14412,Medicare
236,Keith,Jennings,2013-04-12,M,7660 Moore Forges,Lake Peter,AS,72030,UnitedHealth
237,Kenneth,Walters,1971-04-17,F,88210 Ashley Lock Apt. 435,South Rebecca,PR,67682,Medicaid
238,Douglas,White,2014-09-07,F,12908 Newman Cliffs Suite 141,Lake Beverly,MA,47311,Medicaid
239,David,Rios,1944-05-05,M,135 Hayes Ridges Suite 929,Lindseychester,GA,01134,Medicare
240,Lawrence,Floyd,2017-12-11,F,5257 Griffin Trail Suite 781,Lake Catherine,MP,37281,Blue Cross
241,Michele,Taylor,2004-01-12,M,1108 Lisa Prairie,Hammondborough,PW,05305,Cigna
242,Andrea,Stephens,2004-03-05,F,256 Patricia Radial Suite 278,South Michaeltown,TN,31811,UnitedHealth
243,Melanie,Drake,2014-04-18,F,272 Ashley Port,Lake Jessica,MI,05798,Medicare
244,Jeffery,Freeman,1939-04-13,F,3038 Hughes Motorway Apt. 051,Maryview,OR,71850,Blue Cross
245,Ashley,Bennett,1982-03-30,F,184 Kaufman Fork Suite 557,Eatontown,NY,18715,Blue Cross
246,Scott,Hall,2000-10-02,M,22259 Donna Mall Suite 177,Clarkburgh,SD,54358,Medicare
247,Andrew,Williams,2008-10-11,F,80920 Jonathan Falls,Greeneshire,SC,02941,Medicaid
248,Natalie,Luna,1969-04-21,M,79772 Maria Rapid,Port Brandi,WI,24340,Medicaid
249,Cindy,Dixon,1953-07-21,M,9913 Cruz Coves Apt. 388,Serranoville,HI,62874,Cigna
250,Rachel,Greene,2003-01-20,F,72980 Boyd Land,Lake Alyssabury,AS,63693,Aetna
251,Kristine,James,2010-11-23,M,2473 Justin Wells,Scotttown,VT,97972,Medicaid
252,Kristine,Lane,1946-10-06,F,3565 Eric Run,Joseside,NE,74513,UnitedHealth
253,Michael,Hill,2023-05-11,M,68872 Hansen Orchard Suite 495,Fitzgeraldville,WA,30617,UnitedHealth
254,Sean,Lyons,1952-09-29,M,86589 Eugene Roads,Port Christopherberg,NJ,79176,Aetna
255,Ryan,Brown,1960-11-28,M,90669 Dawson Ranch Apt. 277,East Melissahaven,LA,26026,Blue Cross
256,Arthur,Greene,2000-12-05,M,205 Diana Estate,West Kimberlystad,TN,52293,Blue Cross
257,Richard,Gonzalez,1932-10-25,F,84895 Richmond Harbor,New Sylvia,NH,53448,Medicaid
258,Bailey,Green,1986-02-19,M,184 Arroyo Unions,Nancyshire,KS,91490,Medicaid
259,Scott,Bennett,1996-07-19,F,7790 Wilson Cliff,Schultzbury,TX,92405,Blue Cross
260,Jerry,Stewart,1978-10-13,F,434 Raymond Summit,Charlesburgh,NJ,41640,UnitedHealth
261,Michael,Shannon,1967-05-07,M,373 Jill Well,Jamieborough,MP,33229,Medicaid
262,Mary,Kelly,1945-03-31,M,79080 Watson Island,Villanuevashire,VI,36510,Aetna
263,Travis,Joyce,2000-04-16,F,3920 Mendoza Plains Apt. 856,South Tiffany,UT,68423,UnitedHealth
264,Steve,Norris,1932-05-02,M,9155 Lopez Greens,West Thomas,RI,45471,Medicaid
265,Michael,Jimenez,1959-05-19,F,556 Hayes Ports Apt. 931,Lindaside,NE,50424,Aetna
266,James,Marsh,1951-01-30,M,26728 Floyd Hills Suite 890,Garciaburgh,AR,28742,Aetna
267,Lisa,Woods,2016-06-13,F,5455 Cooper Loop,West Michelleborough,OK,75984,UnitedHealth
268,Debra,Ryan,1969-06-17,F,8771 Austin Mountain Apt. 256,Sweeneyland,CO,21734,Medicaid
269,Matthew,Edwards,2019-08-08,F,496 Barron Tunnel Suite 987,Jacksontown,DC,95891,Blue Cross
270,Jimmy,King,2026-02-02,F,26111 Kelley Burg,Warrenland,CT,34901,Medicare
271,Christine,Miller,1983-10-14,F,34722 Anthony Shore Suite 577,Amyberg,UT,71186,UnitedHealth
272,Gregory,Harper,2016-08-11,F,845 Fernandez Valley Apt. 745,Greenport,AL,00513,Blue Cross
273,Alexandra,Chang,1949-04-11,F,7807 Evans Trafficway Suite 493,New Nathanielchester,FM,73973,UnitedHealth
274,Samuel,Wright,2018-08-24,F,3416 Zachary Union Suite 484,Lopezland,HI,18408,Medicare
275,Keith,Walsh,2014-10-19,F,9735 Edwin Place Apt. 214,Davidmouth,VA,01576,Medicaid
276,Jesse,Hernandez,1997-11-25,M,6475 Terry Bypass,Christopherberg,AR,35432,Cigna
277,Kimberly,Jones,1994-09-18,F,46013 Wise Mills,Lake Virginia,ID,60903,Aetna
278,Jill,Davis,2021-05-15,F,6452 Julie Plaza,West Timothyport,ID,47742,UnitedHealth
279,Paige,Boyer,1960-05-14,F,65024 Randy Gardens,North Biancafort,UT,78647,Cigna
280,Eric,Townsend,1964-07-30,F,1950 Michael Drives,East Tonymouth,OH,84996,Medicare
281,Katherine,Trujillo,1990-06-08,M,65240 Mann Points,Amyfort,ID,74779,UnitedHealth
282,Jacob,Bailey,1994-06-23,M,821 Shannon Viaduct Suite 857,Port Danafurt,VA,24819,UnitedHealth
283,Nicole,Harvey,1980-04-11,F,1863 Cannon Drives,Marcusmouth,DE,13117,Medicaid
284,Alexandra,Jones,1948-05-22,M,31731 Ashley Villages,Barretthaven,RI,92423,Medicaid
285,Brittany,Williams,1960-10-07,M,37170 Grant Mall,Lauraton,GU,81363,Aetna
286,Joseph,Williams,1940-04-22,F,38113 Lopez Pine Apt. 928,Reeseshire,MI,88908,Blue Cross
287,Stephen,Ortega,1944-11-22,F,86852 Mahoney Island,Meganchester,WV,83501,Medicare
288,Ryan,Swanson,2013-07-13,F,836 Ward Mission,Moyertown,VA,05044,Blue Cross
289,Tonya,Larson,2001-03-04,M,0433 Smith View,Samanthahaven,OH,75299,UnitedHealth
290,Sara,Moore,1935-11-11,F,2245 Jesse Valleys Suite 196,Lake Chris,MD,63747,Blue Cross
291,Gerald,Petersen,2024-07-30,M,409 Miller Centers,Michaelchester,MT,16300,Medicare
292,Molly,Perez,2019-07-27,F,604 Luis Port,West Wayne,IN,20580,Blue Cross
293,Brent,Dennis,1984-03-13,M,981 Ryan Turnpike Suite 225,South Ashleyton,OH,52823,Cigna
294,Jose,Ross,1989-11-10,F,78376 Ann Street,East Charles,WI,56870,Blue Cross
295,Marcus,Glass,1942-12-02,F,665 Lee Key,Port Kevinstad,RI,58462,Medicare
296,Cindy,Alexander,1962-07-03,M,521 Jodi Gardens,Port Marissa,LA,02301,Blue Cross
297,Matthew,Brock,1972-04-02,M,0538 James Pike Suite 879,Lake Holly,AK,49863,Cigna
298,Brandy,Alvarado,1936-08-23,F,04394 Steven Branch Apt. 645,North Kellyfurt,IN,50400,Blue Cross
299,William,Mckinney,1973-08-29,M,812 Vincent Mount Apt. 038,Matthewfurt,WA,21079,Blue Cross
300,Andrew,Sutton,1979-02-03,F,84046 Sherry Harbors Apt. 256,North Jessica,NC,89367,Medicaid
301,Cheyenne,Garrett,1961-09-05,F,92649 Cole Curve Apt. 298,Port Devin,UT,92924,Medicaid
302,Rachel,Browning,1989-04-04,M,925 Angela Stravenue,East Lonnieberg,VA,04365,Blue Cross
303,Kathy,Beard,1987-01-29,M,7423 David Burg Suite 999,New Jesse,TX,03919,Medicare
304,Michael,Watts,1995-08-05,M,975 Melissa Overpass,Taylorborough,IN,04725,Blue Cross
305,Ricky,Novak,1967-06-15,M,33127 Watts Way Suite 366,New Jillfurt,VA,41513,Aetna
306,Phillip,Crosby,2008-07-26,F,177 Natalie Gardens,Terrellton,OH,51278,UnitedHealth
307,Zachary,Mccoy,1937-06-08,F,7644 Jackson Hill,Lake Zacharyberg,NH,85186,UnitedHealth
308,Shannon,Sharp,1946-02-16,M,826 Morris Burg,South Brittany,VT,26968,Cigna
309,Nicole,Davis,1974-10-31,F,111 Walters Corner,Acostahaven,RI,21459,Cigna
310,Nicholas,James,1953-12-25,M,222 Kayla Center Suite 447,Courtneyville,MH,17746,Blue Cross
311,Susan,Smith,1965-03-05,F,7780 Young Radial,Chavezmouth,CO,79303,Cigna
312,Carol,Sanchez,2005-03-21,F,830 Eddie Shoal Suite 020,Markland,AR,14773,Cigna
313,Robert,Thompson,2022-03-13,F,998 Tammy Summit Suite 014,Miguelfurt,GU,09370,Cigna
314,Katherine,Bridges,1939-07-25,M,2145 Warren Square Apt. 901,South Jenniferport,NE,80303,Blue Cross
315,Melanie,Green,2009-01-01,M,99787 Morton Ridge Apt. 430,North Stevenville,WA,27676,Medicaid
316,Lauren,Duarte,1987-01-29,M,5830 Hannah Glens,West Kevinside,MD,01304,Cigna
317,Daniel,Cook,1984-08-17,M,35577 Debbie Orchard,Lake Steven,VI,70882,Medicaid
318,Paula,Ford,1987-01-24,M,495 Jared Spur,Laurenstad,CA,20070,Medicaid
319,Juan,Johnson,1981-10-18,M,962 Michelle Terrace,Janetmouth,VT,04646,Aetna
320,Joseph,Miller,1963-01-26,M,4384 Daniel Tunnel Apt. 317,Port Timothyhaven,FL,25432,UnitedHealth
321,Matthew,Webb,2001-12-28,M,2182 Jenny Mount Suite 810,Sarahland,MA,61695,Medicare
322,Pamela,Garcia,2020-05-31,M,94353 Justin Place Suite 714,East Joshua,AL,82151,UnitedHealth
323,Anita,Garcia,2004-07-25,M,542 Andrews Extension Apt. 495,Williamstown,NJ,89039,Blue Cross
324,Brent,Reyes,1942-06-13,M,2997 Edwards Viaduct Apt. 817,North Lisa,PW,92067,Medicare
325,Taylor,Bryant,2023-11-19,M,3329 Durham Lock Apt. 557,Johnsonfort,DE,46565,Blue Cross
326,Timothy,Singleton,1969-02-21,F,928 Richard Station Apt. 581,Amandafurt,OR,54691,Cigna
327,John,Sanchez,1952-05-14,M,1539 Mueller Mews Suite 832,Lake Sarahshire,MP,64284,Medicare
328,Danny,Carlson,1975-01-04,M,2461 Gina Ranch,Murphyton,CO,29023,UnitedHealth
329,Lisa,Clay,2017-04-21,F,27846 Gonzalez Springs,Kevinport,PW,57481,Aetna
330,Jennifer,Herman,1942-11-17,M,862 Brown Plaza,North Jacquelinestad,DE,37490,Cigna
331,Michelle,Young,2026-04-19,F,566 Graham Forest Apt. 723,Bridgesstad,MP,55188,Blue Cross
332,Eric,Bright,2021-12-03,M,01027 Proctor Dale,East Dawnchester,VI,60273,Aetna
333,Patricia,Dominguez,1988-08-30,M,8687 Kelly Ferry,Jacobsshire,NM,96303,Aetna
334,Joel,Shaw,1986-08-22,F,09751 Nixon Common Apt. 847,New Pamelaland,IA,62426,Medicaid
335,Crystal,Alvarado,2021-09-27,M,894 Rebecca Place,South Shawnfort,OK,96683,Medicare
336,Martin,Gomez,1970-10-28,M,09494 Crystal Prairie Apt. 904,West Toddberg,NY,10575,Cigna
337,Melissa,Ramirez,1948-10-06,F,4019 Renee Streets Apt. 752,Kimberlybury,NM,24200,Medicaid
338,Lauren,Atkins,1977-05-22,F,92766 Donna Stream,East Becky,MP,45730,Aetna
339,Brian,Baker,1946-07-07,F,76747 Noah Squares,Wellsberg,NC,57482,Aetna
340,Alexander,Ho,1991-10-23,F,580 Samantha Route Suite 694,Josephville,KS,86267,Blue Cross
341,Breanna,Murray,2022-08-19,M,938 Byrd Falls,Amytown,MP,09407,Blue Cross
342,Alexander,Davis,1944-11-13,F,3443 Andrew Course Apt. 939,Lake Susanland,PR,79758,Medicaid
343,David,Douglas,2018-11-27,F,24471 Livingston Harbor,Schwartzmouth,KS,21730,Medicaid
344,Kimberly,Ramirez,1939-03-21,M,5044 Scott Overpass Apt. 962,Rodriguezside,WI,57026,Blue Cross
345,Jeffery,Schneider,1990-10-29,M,01194 Smith Parks Apt. 006,Edwardmouth,MH,51793,Medicaid
346,Autumn,Robertson,1997-07-04,F,6183 Patrick Spurs Suite 198,Mathewport,MO,07735,Medicare
347,Cynthia,Benjamin,1943-01-25,F,517 Holland Fall Apt. 634,Mosleystad,NM,11624,Blue Cross
348,Nicole,Kim,1956-07-06,F,30937 Brown Plains,Victormouth,AK,05356,Medicaid
349,Matthew,Morgan,1936-07-21,F,38782 Sandy Camp Apt. 707,East Jacquelineberg,AL,23078,Cigna
350,Cynthia,Conway,1943-12-20,M,291 Danny Ranch Apt. 136,Lisafurt,MD,16334,Aetna
351,Theresa,Johnston,1949-06-01,F,09251 Joshua Throughway Suite 258,South John,OR,05835,Blue Cross
352,Dennis,Moody,2016-10-07,M,07100 Sara Squares Suite 672,East Danielle,NC,59538,Blue Cross
353,Robert,Hurley,2013-10-27,F,279 Courtney Tunnel,Michaeltown,OH,31386,Cigna
354,James,Downs,1943-10-01,M,837 Joshua Fields Apt. 277,East Elizabeth,AZ,07582,Blue Cross
355,Deanna,Mitchell,1989-11-19,F,9701 Sara Fall Apt. 078,North Pattymouth,OR,76491,UnitedHealth
356,Mark,Gonzalez,2022-11-05,F,15313 Kane Lane Apt. 179,Brownchester,FL,28834,UnitedHealth
357,Sarah,Gibson,1983-06-11,F,73543 Martinez Square Apt. 421,Ellisburgh,WV,45534,Cigna
358,Jeffrey,Phillips,1952-01-24,F,831 Vincent Overpass,New Thomas,NH,37092,Cigna
359,Alexis,Patterson,1964-04-18,F,6939 Robin Avenue,Bairdton,NJ,96639,Medicare
360,Kayla,Johnson,2003-01-05,M,1773 Angela Bridge Suite 325,Johnland,AK,63387,Medicare
361,Elizabeth,Martin,1993-03-27,M,7262 Sims Squares,Port Courtneyfurt,MH,91039,Aetna
362,Mason,Johnson,1988-09-09,M,989 Kristin Common Suite 085,North Patrickmouth,RI,05858,Medicaid
363,Michael,Thompson,2006-10-11,F,325 Amber Run,Mclaughlinshire,VI,92624,Blue Cross
364,Jason,Mcgee,1961-05-29,M,4864 Bryan Key Suite 788,South Jenniferside,MH,38808,Medicaid
365,Shannon,Richardson,2022-05-13,F,71162 Mullen Club,East Joshuaberg,NM,20227,Medicaid
366,Nancy,Meyer,2016-02-06,F,6827 Fisher Street,West Jaimetown,VI,30952,Blue Cross
367,Mary,Stone,1976-06-09,M,557 Ellis Port Apt. 424,South Nathan,LA,06703,Aetna
368,Eddie,Mitchell,1953-05-14,F,842 Mary Square,East John,AZ,42001,UnitedHealth
369,Autumn,Alexander,1981-01-14,F,80552 West Estates,Davidtown,MO,65960,Medicaid
370,Kayla,Gould,1974-04-23,M,88547 Montes Throughway,Port Annette,PW,58448,Cigna
371,Matthew,Rodriguez,1995-12-01,F,81406 Sean Course,Brianborough,OR,69501,Blue Cross
372,Jeffrey,Walls,1968-07-20,F,18718 Lee Island,Lake Michaelberg,VT,56552,Blue Cross
373,Mike,Watson,1969-06-20,F,4781 Jessica Mills Suite 742,Chandlerchester,DC,77463,Cigna
374,Carla,Thomas,1971-12-30,F,519 Davis Lodge Suite 628,Pageberg,ID,24881,Cigna
375,Marisa,Roberts,1997-06-30,F,9478 Walker Turnpike,East Josefort,DE,86197,Cigna
376,Elizabeth,Roberts,1955-02-20,M,301 Snyder Cliff Suite 979,Oneillfort,UT,16175,Aetna
377,Nathaniel,Quinn,1933-02-11,M,90257 Michael Center Suite 565,West Kellyland,NY,25904,Cigna
378,Katie,White,1943-08-04,M,554 Jennings Spurs,Codyshire,MI,19338,Medicaid
379,Alexander,Holmes,1981-06-29,M,5213 Wesley Village Apt. 898,South Stevenland,DE,17701,UnitedHealth
380,Sandra,Mendoza,1973-02-17,M,79852 Johnson Via Apt. 322,West David,DC,10803,Medicaid
381,Roger,Hines,1945-12-06,F,76031 Laura Passage,South Davidview,AZ,09184,Cigna
382,Kevin,Smith,1943-11-11,F,393 Ellen Burgs,East Meghanview,OR,46092,Aetna
383,Michael,Wyatt,2014-02-24,M,911 Allison Stravenue,West George,WV,70903,Cigna
384,Adam,Swanson,1959-11-08,M,9271 Mary Light Suite 383,Rodriguezmouth,DE,61567,Cigna
385,Daniel,Taylor,1979-11-22,M,015 Wilson Haven Suite 947,New Richard,PR,56594,Cigna
386,Jacob,Jones,1995-06-20,M,07167 David Locks Suite 912,West Theresamouth,ID,78483,Medicaid
387,Megan,Powell,1962-06-03,M,749 Avila Unions Suite 579,Archerhaven,KY,19817,Cigna
388,Katrina,Rodriguez,1964-11-04,M,3201 Maria Parks Apt. 269,Ericville,WV,10530,Aetna
389,Donna,Meyer,1997-09-17,F,47784 Pacheco Plains Apt. 061,Colefurt,NV,60749,Medicaid
390,Barry,Thompson,2020-06-21,M,276 Larry Loaf Suite 197,Alvarezburgh,NY,07806,Medicaid
391,Peter,Simpson,1982-02-22,F,5009 David Lakes Suite 905,Davisstad,MI,54493,Aetna
392,Michael,Stanley,1964-06-04,M,491 Misty Crescent,Geoffreyside,MD,05400,Medicare
393,Steven,Boyer,2008-01-14,F,0790 Gray Loaf Suite 917,Lake Emilymouth,NM,66399,Blue Cross
394,Lisa,Contreras,1953-05-28,F,6371 Karl Causeway Suite 963,Lake Meganville,OR,44651,Blue Cross
395,Joshua,Knight,2003-01-02,F,3514 Reynolds Plains Suite 366,Colleenmouth,TN,72271,UnitedHealth
396,Henry,Smith,2026-06-13,M,737 Giles Place,Michaelton,NC,26800,Cigna
397,Michael,Hernandez,1951-03-17,F,6513 Adams Heights Apt. 493,Allenberg,ID,04132,Aetna
398,John,Wilcox,1993-11-24,M,660 Erik Dale Apt. 448,Lake Melissa,VA,64181,Blue Cross
399,Kimberly,Brown,1942-02-24,F,416 Powers Course Suite 231,New Elizabethshire,WI,69347,Aetna
400,Johnathan,Wilkerson,1963-02-16,M,5963 Robinson Coves,East Tara,NV,54027,UnitedHealth
401,Jonathan,Lawrence,1997-06-18,M,158 Wells Gateway Suite 257,Loritown,SD,79906,Medicare
402,Austin,Stevenson,1938-03-02,F,8645 Amanda Freeway,Pricefurt,PW,33994,Aetna
403,Kevin,Mayer,1962-10-09,M,27560 Delacruz View Suite 765,Mcdowellville,GU,21517,Aetna
404,Holly,Hunter,1978-08-12,F,857 Kathleen Row Apt. 720,Gonzalezport,MD,75973,Medicare
405,Christopher,Moore,2001-01-01,M,657 Russo Dale,Glennshire,GU,43437,Medicare
406,Lauren,Gonzalez,1987-02-20,F,66930 Sandra Rue Apt. 173,Jacquelineburgh,AR,53065,Blue Cross
407,Christine,Burke,1951-01-15,F,2910 Ayala Motorway,Wilsonborough,ID,35392,Cigna
408,Keith,Snyder,1948-06-12,F,93436 Ricky Drive Apt. 443,Solomonstad,OR,90189,Cigna
409,Deborah,Miller,1994-07-17,M,6366 Jones Point,North Marvinbury,NJ,46940,Medicare
410,Wendy,Crosby,2012-02-23,M,48964 Lambert Curve,New Harryburgh,NY,65098,UnitedHealth
411,Sarah,Humphrey,1948-09-05,M,8624 Lawrence Crossroad,Savageview,WA,47764,Cigna
412,Sara,Campbell,1966-07-20,M,562 Doyle Overpass Apt. 870,East Brian,HI,05201,UnitedHealth
413,Thomas,Martin,1994-04-21,M,70758 Ellis Creek Apt. 151,Port Justin,MP,22559,UnitedHealth
414,Karen,Carson,2007-05-21,M,089 Robert Club,Port Tyler,CT,43578,UnitedHealth
415,Anthony,Maldonado,2023-05-12,M,5915 Anthony Mount,Gibsonview,PA,86747,Blue Cross
416,Adam,Booker,2020-01-12,F,9230 Morris Centers Apt. 896,South Jonathanbury,WI,52787,Medicaid
417,Christopher,Phelps,1952-11-25,F,4214 Owen Street Suite 925,Port Michaelborough,NM,58886,Cigna
418,Nicole,Alvarez,2007-05-11,M,65926 Davis Passage Suite 732,Rosehaven,CO,38604,UnitedHealth
419,Taylor,Miller,1995-09-24,F,24386 Carroll Plaza Apt. 081,Gutierrezmouth,TN,94913,Medicaid
420,Ashley,King,1965-05-31,F,017 Kristi Ville,Williamschester,FM,92825,Medicaid
421,Kenneth,Matthews,1992-08-26,F,452 Jacob Summit Suite 168,North Randalltown,GA,86458,Aetna
422,Thomas,Holt,2020-03-29,M,9956 Miller Dale Apt. 310,Port Anthony,NJ,85517,Cigna
423,Dustin,Allen,2015-12-07,M,47276 Darren Drives,Maynardfort,AK,59419,Blue Cross
424,Brenda,Harris,2008-03-23,M,50166 Mclaughlin Ranch Suite 076,Palmerfort,IN,94124,Medicare
425,Bruce,Smith,2009-03-05,M,146 Wilson Road Suite 760,West Jessica,NJ,45569,Medicaid
426,Samuel,Romero,2010-09-15,M,724 Moyer Village Suite 729,West Hannah,CO,87933,Cigna
427,Timothy,Thompson,1952-01-01,M,67433 Yvette Knolls Suite 522,Port Brycechester,DE,81446,Aetna
428,Jeremy,Hoffman,1996-12-02,M,5084 Melissa Well Apt. 077,North Kimberlyville,GU,74225,UnitedHealth
429,Bobby,Garcia,2016-06-16,F,52478 Oconnor Courts,Lake Michael,GU,18559,Medicare
430,David,Harris,1987-04-24,F,75482 Joseph Stravenue,Wardbury,FL,99225,Blue Cross
431,Karen,Fisher,1961-10-12,M,6678 Acevedo Mills,Port Alejandro,AS,68310,Blue Cross
432,Sherry,Miller,1973-07-28,F,60602 Tiffany Station Suite 668,Jennifermouth,PW,45610,Medicaid
433,Alan,Ramirez,2002-07-23,F,673 Terry Valleys,Roweport,CO,05346,Cigna
434,Amanda,Price,1947-11-16,F,18848 Sherman Estate Apt. 089,Johnport,VA,55911,Blue Cross
435,Valerie,Rodriguez,1938-11-19,M,8510 Shane Ports Apt. 753,West Kevin,TN,94198,Medicare
436,Ashley,Taylor,1982-02-15,M,58935 Garcia Station,Pooleland,CO,08652,Blue Cross
437,Roger,Anderson,1959-12-16,F,58698 Wiggins Prairie Suite 677,Colonberg,NY,17163,Medicare
438,Todd,Ellis,2026-08-12,F,377 Julie Points,Sandraville,PA,54059,Aetna
439,Daniel,Wood,1970-02-20,M,215 Ritter Hollow,Toddberg,FL,77784,UnitedHealth
440,Robert,Zuniga,1972-04-04,M,27018 Jones Cape Suite 794,Mcculloughfurt,NJ,94877,Medicaid
441,Martha,Anderson,1949-07-30,F,7251 Hughes Locks Suite 807,Debbieburgh,VT,03752,Medicare
442,Ashley,Hogan,1972-10-04,M,813 Susan Pike,Port Thomas,MH,02947,UnitedHealth
443,David,Mayer,1955-03-11,F,3397 Lindsay Rest,Richardton,NM,03550,Medicare
444,Matthew,White,1933-12-31,F,4111 Justin Falls Suite 124,Gregoryton,RI,43137,Cigna
445,Howard,Reeves,1971-04-15,M,52654 David Crest Apt. 339,South William,NY,50970,Medicare
446,Stacy,Adams,1974-01-19,F,617 Rick Fort Apt. 489,East Kathrynberg,ME,74982,Medicaid
447,Richard,Miller,2017-04-04,F,58238 Ali Point,Williamsmouth,MP,81861,Aetna
448,Keith,Stanton,1930-10-19,F,4946 Kirby Forest,Brandonside,OK,09667,Cigna
449,Kevin,Foster,1947-06-19,F,846 Cheryl Unions,Nicolemouth,SC,34758,Cigna
450,Tiffany,Zimmerman,1967-11-19,F,553 Haley Isle,Lake Dennistown,PA,62960,Medicaid
451,Adam,Smith,1954-05-06,M,768 Kristin Run Apt. 807,West Teresafurt,GU,79316,UnitedHealth
452,Michael,Thompson,2025-08-04,F,75370 Julia Trace,Erinstad,ID,12293,Blue Cross
453,Lisa,Garrett,1960-10-28,F,5047 Adrian View,Rodriguezview,OK,66079,Cigna
454,Troy,Arnold,2020-07-12,F,92124 Nicole Stream,Jamestown,UT,89333,Medicare
455,Amanda,King,2006-12-16,M,60566 Martinez Path Suite 758,Lake Jeffreyview,PW,55559,Blue Cross
456,Amanda,Stewart,1984-01-22,M,1903 Rosario Gateway,East Mark,CA,82551,Cigna
457,Colleen,Johnson,1989-07-07,F,543 Thomas Junctions,Port Matthewbury,CA,79139,Cigna
458,Christine,Duran,2015-11-02,M,110 Nicholas Vista Apt. 207,West Cherylchester,CA,13847,Blue Cross
459,Erica,Hansen,1970-11-12,M,1963 Shawn Mountain Suite 991,Debratown,NH,68293,Medicaid
460,Mark,Lee,1944-09-13,F,193 Dana Glens,Robertmouth,HI,32371,Blue Cross
461,Devin,Williams,1948-02-08,M,685 Silva Plains Apt. 274,Kellytown,NC,77366,UnitedHealth
462,Diane,Thomas,1963-01-13,F,5333 Matthew Shores,Nealmouth,PA,91257,Medicare
463,Mark,Lane,1976-05-29,F,5217 Tyler Alley Apt. 379,East Timothy,WI,43953,Medicaid
464,Lindsay,Bennett,1985-03-17,F,50150 Douglas Mill,Lake Brenda,WV,47675,Aetna
465,Bradley,Johnson,1957-08-25,M,34258 Gregory Brooks Apt. 410,South Diana,FM,15045,Cigna
466,Matthew,Clark,1992-10-25,M,5289 Johns Circles,East Nicoleberg,WY,25357,Cigna
467,James,Gray,1981-08-30,F,630 Melissa Hill Apt. 530,Moniquehaven,OR,64593,Medicaid
468,Jason,Miller,1994-10-13,F,86857 White Station,Aliciafort,VT,65354,Aetna
469,Thomas,Perkins,2017-07-28,M,33736 Kevin Lane,Port Neil,OH,11610,Medicaid
470,Dennis,Miller,1991-03-23,M,90789 Simmons Mountain Suite 657,Joshuatown,HI,58393,Medicaid
471,Jesus,Brewer,1979-08-07,M,8881 House Courts,North Michaelside,ID,44247,Cigna
472,James,Murphy,1971-12-05,M,92840 Campbell Key Suite 690,Valdezberg,VI,52602,Medicare
473,Jeremy,Cummings,1959-04-16,F,89877 Conner Island Apt. 663,Coleside,AK,49613,Aetna
474,Don,Russo,1972-04-25,M,5536 Jennings Lodge,Marktown,OK,04722,Aetna
475,Sandra,Hernandez,1975-09-03,F,3618 Lopez Coves Suite 974,East Damonside,HI,04703,Aetna
476,Margaret,Morrison,1934-05-19,M,16433 Keller Cliff,Brownhaven,AL,23022,Blue Cross
477,Mark,Browning,1983-12-15,F,28671 Friedman Way,East Monica,ME,57150,Medicare
478,Lisa,Ortega,1952-05-03,F,387 Harris Divide Suite 169,New Mark,OK,64851,Blue Cross
479,Steve,Johnston,1943-02-15,F,754 Austin Valleys Apt. 632,Ellisburgh,UT,75030,Blue Cross
480,Cody,Hale,1936-09-01,M,48413 Jenkins Track,West Charlesville,NY,43232,Blue Cross
481,Robert,Martin,1958-12-13,M,0176 Reese Walks,South Benjamin,KS,15532,Blue Cross
482,Jenna,Taylor,2021-12-14,M,7118 Jennifer Mill Apt. 742,Port Andrew,CT,23731,Medicare
483,Kelly,Nichols,1983-12-03,M,04275 Jay Bypass,South Heather,MP,83704,Aetna
484,Lisa,Davidson,2020-07-22,F,4709 Brandon Lane,East Nicholas,IA,26713,Blue Cross
485,Christopher,Fisher,1932-09-15,F,13122 Robert Coves Suite 583,New Randall,NE,16335,Medicare
486,Jesse,Rodriguez,1974-09-26,F,65063 Robinson Shoals,Debrastad,AZ,09326,Aetna
487,Nicole,Jenkins,2012-03-25,F,89241 Jarvis Square Suite 252,Tiffanyfort,CA,44423,Medicaid
488,Andres,Barr,1991-10-28,F,389 Jesse Ridges Apt. 436,New Christopher,DC,49590,Medicare
489,Victor,Harris,1981-11-12,F,039 Stevenson Isle,West Lonnie,WY,05692,UnitedHealth
490,Abigail,Madden,2018-12-04,F,35533 Rebecca Shores Apt. 396,Isaiahtown,CA,64941,Medicare
491,Chad,Lee,2017-01-23,F,21298 Joel Common,Hardyport,GA,95092,Cigna
492,James,Coleman,2013-03-08,F,4973 Huffman Orchard,West Raymondburgh,NJ,58353,Medicare
493,Roberto,Lynch,1989-09-18,F,0661 Larson Drives,West Oscar,ME,59955,Blue Cross
494,Justin,Hart,1996-03-02,F,2732 Adam Wall,Travischester,MO,97781,UnitedHealth
495,Nathan,Burns,2017-12-21,M,0169 James Mews,Kelseystad,NY,93447,Medicare
496,Tracy,Barker,2025-07-06,F,663 Tim Via,Crystaltown,UT,87752,UnitedHealth
497,Deanna,Green,1992-09-18,F,3992 Darryl Course,Sandersshire,MH,11032,Aetna
498,April,Lopez,1988-04-15,F,4488 Willis Street,Goodwinland,CT,83886,Medicaid
499,Ashley,Salinas,1950-02-24,F,364 Valerie Via Suite 011,Warrenport,VA,56986,Medicaid
500,George,Brooks,2026-07-19,F,72817 Jacob Circle,Port Katherine,KS,54082,Blue Cross
